mention_type,mention,pred,pred2
2,enfamil h·ªôp bao nhi√™u gram ? gi√° bao nhi√™u ?,2.151993751525879,4.681595325469971
2,bn __d__ thug,3.5943775177001953,5.3757452964782715
2,abbott grow __d__ c√≥ gi√° bao nhi√™u √† .,2.1718177795410156,4.571834564208984
2,gi√° __d__ lon __d__.__d__kg l√† bn ·∫°,2.6396288871765137,4.685192108154297
2,"adm ∆°i , cho em h·ªèi gi√° tr√™n ƒë√£ bao g·ªìm thu·∫ø ch∆∞a ·∫° ?",2.2481114864349365,4.987205982208252
2,gi√° bn __d__ th·∫ª ·∫°,3.0082387924194336,5.100036144256592
2,boby gi√° bnhieu ·∫°,3.4655768871307373,5.233356952667236
2,gi√° bao nhi√™u shop,2.1096107959747314,4.774162292480469
2,@ h·ªì nguy·ªÖn thanh h·∫£i : mua hom ƒëo gia bao nhieu b,2.294480085372925,4.545681476593018
2,< iframe width= '' __d__ '' height= '' __d__ '' frameborder= '' __d__ '' > < /iframe >,2.798168420791626,4.833349227905273
2,gi√° bao nhi·ªáu v·∫≠y ak,2.3381943702697754,4.7437028884887695
2,v√¢n nguy·ªÖn bn __d__h·ªôp ·∫°,3.4463388919830322,5.261791229248047
2,cho xin gi√° ƒëi shop,2.576446533203125,4.660100936889648
2,s·ªØa meji d·∫°ng thanh th√¨ bao nhi√™u ti·ªÅn __d__ h·ªôp v·∫≠y shop ?,2.3674514293670654,4.583287239074707
2,·ªù ƒë·ªÉ c h·ªèi gi√° ü§°ü§°ü§°,3.950608491897583,5.686237335205078
2,q√∫a ngon cho s·∫£n ph·∫©m t·∫ßm gi√° n√†y,2.967268466949463,5.5555739402771
2,gia bao nhieu zay shop,2.4054484367370605,5.017979145050049
2,b·∫°n ∆°i pedi √∫c mua gi√° bnhieu ·∫°,2.352203607559204,5.178651809692383
2,cai ƒë√≥ bao nhi√™u z,2.8869500160217285,5.6148223876953125
2,qled ch√°n nh·ªâ g√≥c v·ª´a h·∫πp h∆°n th·∫ø hi·ªán m√†u v√† n·ªôi dung c≈©ng k√©m h∆°n m√† c√πng gi√° b√°n < div class= '' messagetextendmarker '' > < /div >,2.361466884613037,5.2173309326171875
2,similac pro n·∫Øp b·∫°c gi√° bnhju c ?,2.8235769271850586,4.760229110717773
2,c mua bao nhiu vay ·∫°,2.189525604248047,4.596899032592773
2,s·ªØa grow __d__ cho tr·∫ª __d__-__d__ tu·ªïi gi√° bnhi√™u shop ?,2.9652628898620605,4.832245349884033
2,sua meji so __d__ bao nhieu ·∫°,2.886671543121338,4.8778300285339355
2,s·ªØa cho tr·∫ª h∆°n __d__tu·ªïi h·ªôp to bao nhi√™u ti·ªÅn .,2.3539469242095947,4.562937259674072
2,gi√° bao nhiu v·∫≠y shop,2.0481038093566895,4.707469940185547
2,samsung a__d__ gi√° gi·∫£m c√≤n bao nhi√™u shop,2.2729380130767822,4.665656566619873
2,hi v·ªçng sam ƒë·ª´ng b√°n gi√° cao . __d__tr ƒë·ªï v·ªÅ th√¥i . < div class= '' messagetextendmarker '' > < /div >,3.102531909942627,5.687976837158203
2,m qu·∫ßn gi√° bn b,2.7217533588409424,5.29278564453125
2,bao nhju __d__ hop vay,2.3832638263702393,4.939953327178955
2,gi√° qu·∫ßn xxxl bao nhi√™u,2.3846917152404785,5.030329704284668
2,__d__ '' gi√° bao nhi√™u b·∫°n ?,2.609947919845581,5.309471607208252
2,cbr __d__r ƒë·ªùi __d__ __d__ c≈© gi·ªù c√≥ gi√° nhi√™u a ∆°i,2.0357909202575684,4.6565632820129395
2,cho hoi tai shop minh gia sua friso gold lac tu __d__ den __d__ thang gia bao nhieu a,2.5748534202575684,4.741423606872559
2,gi√° bn nh·ªÉ ?,2.919914722442627,4.934368133544922
2,tv sony __d__inh __d__k __d__e gi√° bao nhieu h·∫£ b·∫°n,3.688284397125244,5.349520206451416
2,ng·ªçc tr·∫ßn frisolac bn ah,2.9711456298828125,4.897765159606934
2,gi√° ntn th·∫ø b,4.176807880401611,5.7436699867248535
2,cho h·ªèi ti vi sony __d__in bao nhieu,2.251361846923828,4.685969352722168
2,gi√° bn v shop ?,2.4740490913391113,4.695087432861328
2,tivi th√¨ lg ƒëc y√™u th√≠ch v√¨ gi√° r·∫ª ch·∫•t l∆∞·ª£ng ·ªïn < div class= '' messagetextendmarker '' > < /div >,4.1984052658081055,5.824670791625977
2,shop ∆°i cho xin gi√° vs ·∫°,2.4133849143981934,4.611154556274414
2,cho vay ti·ªÅn,3.208566665649414,5.475027084350586
2,gi√° bn __d__ b ·∫°,2.7207539081573486,4.7951884269714355
2,khoa l√™ cho c√°i gi√° ƒëi,2.8107948303222656,4.8422627449035645
2,ad ∆°i. ! con __d__a__d__f gi√° bao nhi√™u ·∫°. ?,2.199836254119873,5.0975823402404785
2,t√¥i ƒëang c√≥ nhu c·∫ßu mua __d__x__d__e xin h·ªèi kh√¥ng l·∫•y khuy·∫øn m√£i c√≥ ƒë∆∞·ª£c tr·ª´ ti·ªÅn v√†o s·∫£n p·∫©m kh√¥ng,3.153791904449463,5.465334415435791
2,gi√° xe t·∫≠p ƒëi c√≥ gi·∫£m gi√° ko ?,2.933555841445923,4.880588531494141
2,"__d__pl__d__gb m√†u ƒë·ªè fbt , m√°y m·ªõi gi√° bao nhi√™u ?",3.0208702087402344,5.553375720977783
2,check gi√πm m√¨nh xem d√≤ng tv ss __d__k nu__d__ c√≥ c√≤n h√†ng ko,3.252809524536133,5.153224468231201
2,bobby xxl bn c√°i bn ti·ªÅn,2.4541842937469482,4.6703104972839355
2,na vlogs sonic bao nhiu ti·ªÅn z a,3.720022678375244,5.637514114379883
2,"bao nhi√™u ti·ªÅn __d__ l·ªëc s·ªØa , v√† n·∫øu mua __d__ th√πng th√¨ c√≥ gi·∫£m h∆°n ko ·∫° ? cho em xin gi√° lun ·∫°. em c·∫£m ∆°n !",2.4280431270599365,5.526713848114014
2,"tr·ªãnh duy l√¢m ∆°i , hi·ªán t·∫°i d√≤ng x__d__f c√≥ __d__ k√≠ch th∆∞·ªõc __d__ '' ( gi√° __d__,__d__,__d__ vnƒë ) v√† __d__ '' ( gi√° __d__,__d__,__d__ vnƒë ) b·∫°n nh√© , m·ªùi b·∫°n xem th√™m th√¥ng tin v·ªÅ s·∫£n ph·∫©m ·ªü ƒë√¢y : http : //www.sony.com.vn/electronics/tivi/x__d__f-series/specifications",2.950800657272339,5.461611270904541
2,gi√° bao nhi√™u v,2.1384639739990234,4.809703826904297
2,grow __d__ gi√° bao nhi√™u,2.0069947242736816,4.7198286056518555
2,gi√° bao nhiu shop,2.197222948074341,4.637434482574463
2,enfa grow bao nhi√™u,2.0960693359375,4.573000907897949
2,frisolac gold __d__ gia bao nhieu vay,2.5295257568359375,4.941806793212891
2,gi√° bn b ?,2.699418783187866,4.7938551902771
2,__d__ con moi con bao nhieu kg vay,2.531217575073242,5.2538957595825195
2,m√°y gi·∫∑t gi√° nh∆∞ th·∫ø n√†o ·∫°,2.958286762237549,5.580477714538574
2,an nhi√™nn nan nga bn h·ªôp mom,2.413928270339966,4.614385604858398
2,b·ªï √≠ch < div class= '' messagetextendmarker '' > < /div >,3.2160494327545166,5.082371234893799
2,@ l∆∞∆°ng gi√° ki·ªát : ch·∫≥ng h·∫°n nh∆∞ acs gi√° c≈©ng cao h∆°n so v·ªõi d√≤ng tivi kh√°c.ngo√†i samsung ra tivi n√†o g√≥p ng√¢n h√†ng acs c≈©ng ch√™nh l·ªách gi√° b√°n __d__k h·∫øt.d√≤ng samsung th√¨ ng∆∞·ª£c l·∫°i..c≈©ng l√† chung __d__ ng√¢n h√†ng m√†,2.448141098022461,5.188675403594971
2,meji __d__-__d__ __d__g bn v·∫≠y,2.7291324138641357,5.15815544128418
2,< blockquote class= '' messagetext selectquotecontainer ugc basehtml '' > tv oled th√¨ c·ª© ch·ªçn lg ·∫•y b√°c sony n√≥ ƒë√¢u s·∫£n xu·∫•t ƒë∆∞·ª£c t·∫•m n·ªÅn oled ƒë√¢u to√†n mua c·ªßa lg v·ªÅ th√¥i ah . < div class= '' messagetextendmarker '' > < /div > < /blockquote >,3.641246795654297,5.621126651763916
2,nguy·ªÖn h·∫£i ƒëƒÉng gi√° bao nhi√™u,2.572002410888672,5.482491493225098
2,gi√° bn br ?,2.640960931777954,4.742745876312256
2,bn vay chi,2.7868306636810303,5.013677597045898
2,s·ªØa grow nay bao nhi√™u __d__ th√πng ch·ªã trang nh·ªâ ?,2.161620855331421,4.573212146759033
2,h·ªôp __d__g bao ti·ªÅn b,2.68485426902771,5.409973621368408
2,m√¨nh mu·ªën h·ªèi tv c·ªßa lg c√≥ gi·∫£m gi√° g√¨ kh√¥ng ?,1.9287350177764893,4.662445068359375
2,bao nhi√™u __d__ lon s·ªØa pediasure v·∫≠y ch·ªã ?,2.2605297565460205,5.202515125274658
2,__d__sp __d__g bn shop,3.2483391761779785,5.117328643798828
2,merries bao nhiu ·∫°,2.990844964981079,5.154578685760498
2,gi√° nhiu,3.3924314975738525,5.130903720855713
2,lo·∫°i m·ªõi n√†y gi√° sao em ?,2.740046739578247,5.41162109375
2,< img src= '' https : //cdn.otosaigon.com/attachments/__d_____d_____d___n-jpg.__d__/ '' title= '' __d_____d_____d___n . '' alt= '' __d_____d_____d___n . '' class= '' bbcodeimage lbimage '' > < br > ƒë·ªôi h√¨nh n√†y s√°ng nh·∫•t ph·ªë,3.1631860733032227,5.176018714904785
2,tivi sony c√≥ gi·∫£m gi√° ko,4.2387285232543945,5.73929500579834
2,huyhoang__d__ @ gmail.com xin bao gi√°,3.5550413131713867,5.3859992027282715
2,dulichvui__d__ gi·∫£m bao nhi√™u v·∫≠y ch·ªã,3.0133819580078125,4.916200637817383
2,xe__d__ƒëen nham gi√° bao nhi√™u ah,2.337026596069336,4.569457530975342
2,tu lanh sam sung __d__l nhieu vay chi,2.633157253265381,5.461247444152832
2,__d__ in gia bao nhieu vay ban,2.043879985809326,4.665412425994873
2,xaomi n√≥t__d__ gi·ªù bao nhi√™u ti·ªÅn e nh·ªâ,2.4625558853149414,4.725689888000488
2,gi√° e,3.4163479804992676,5.1748809814453125
2,similac __d__ __d__gr gia bao nhieu vay ad ?,2.3217432498931885,4.641655445098877
2,samsung c·ª© nh∆∞·ªùng th·ªã ph·∫ßn cho t√†u v·ªõi vsmart ƒë√™ < img src= '' http : //tinhte.vnstyles/default/xenforo/clear.png '' class= '' mcesmiliesprite mcesmilie__d__ '' alt= '' : d '' title= '' big grin : d '' > ƒë·ªÉ c√¥ng s·ª©c b√°n chip l√£i cho nhi·ªÅu < div class= '' messagetextendmarker '' > < /div >,3.1956305503845215,5.508204460144043
2,b√°o gi√° t·ªïng h·∫øt bao nhi√™u,2.1360321044921875,5.062124729156494
2,gi√° bao nhi√™u ban,2.111354112625122,4.830982208251953
2,gi√° bao nhi√™u v·∫≠y adidas ∆°i ?,2.491417646408081,4.841296672821045
2,ch·ªã ∆°i bao nhi√™u v·∫≠y ·∫°,3.1198740005493164,5.7358293533325195
2,cho e h·ªèi . mua tr·∫£ g√≥p s·∫£n ph·∫©m n√†y th√¨ c·∫ßn tr·∫£ tr∆∞·ªõc bao nhi√™u . v√† ti·ªÅn g√≥p m·ªói th√°ng l√† bao nhi√™u . v√† trong th·ªùi gian m·∫•y thang ah,3.0086519718170166,5.574383735656738
2,pediasure gi·∫£m bn,3.370647668838501,5.096252918243408
2,ho√†ng trinh maka bn ∆°i . s·∫£n ph·∫©m m·ªõi ƒë∆∞a ra hnay bn ak . bn c√≥ th·ªÉ li√™n h·ªá t·ªïng ƒë√†i check th√¥ng tin,3.4035651683807373,5.695565223693848
2,samsung __d__in __d__k gia the nao b,3.821078062057495,5.43118143081665
2,__d__thung milo gia bnhiu vay,3.9975709915161133,5.747298717498779
2,gi√° synflorix bn v·∫≠y,2.976752996444702,4.917506694793701
2,"chuong trinh doi cu lay moi , tivi tcl led , __d__ inch tinh gia doi bao nhieu",2.345097780227661,4.692368030548096
2,s·ªØa glico gi·∫£m bao nhi√™u z ·∫°,2.6459383964538574,4.676732063293457
2,gi√° bn ad ?,2.695493698120117,4.7771453857421875
2,bn m,3.127983570098877,4.999422073364258
2,c√≤n c·ªßa m√¨nh l√† ss a__d__+ th√¨ s·∫Ω b√π bao nhi√™u ?,3.178790807723999,5.561984062194824
2,"con n√†y gi√° sao v·∫≠y √¥ng , __d__ camera v·∫≠y ch·ª•p ·∫£nh th√¨ ƒë·∫πp l·∫Øm nh·ªâ ?",2.2738349437713623,4.798103332519531
2,cho t h·ªèi pediasure lon __d__g bao ti·ªÅn ?,2.0518648624420166,4.945072174072266
2,mua l·∫•y h√†ng khuy·∫øn m√£i l√∫c n√†o c√°c c·ª≠a h√†ng c≈©ng n√¢ng gi√° l√™n . kh√¥ng l·∫•y h√†ng khuy·∫øn m√£i th√¨ g√≠a kh√°c . l·∫•y khuy·∫øn m√£i th√¨ gi√° kh√°c,2.4827518463134766,4.944748878479004
2,phi·∫øu gi·∫£m gi√° c√≥ tr·ª´ tr·ª±c ti·∫øp v√†o gi√° b√°n ƒë∆∞·ª£c kh√¥ng ?,4.072490215301514,5.83757209777832
2,< img src= '' http : //f__d__.comstyles/yahoo/__d__.gif '' class= '' mcesmilie '' alt= '' : drm__d__ '' title= '' drinking smiley : drm__d__ '' >,3.285154104232788,5.2078070640563965
2,tivi sony __d__ inh gia sao ban,2.5814127922058105,4.639024257659912
2,gia bao nhieu v,2.310361385345459,5.057301998138428
2,s·ªØa similac bn v c,3.157695770263672,5.0714826583862305
2,"c·ª• cho em h·ªèi con < b > smart tivi sharp __d__ inch lc-__d__le__d__x , full hd , android < /b > d√πng t·ªët h∆°n samsung , lg ko , gi√° ch·ªó c·ª• th·∫ø n√†o ·∫° ? < div class= '' messagetextendmarker '' > < /div >",2.489871025085449,5.073808193206787
2,x __d__ f . __d__ in gia bao nhieu ban,2.7898478507995605,5.7209672927856445
2,con hop __d__g thi gi√° sao ·∫°,2.3265433311462402,4.590317249298096
2,s·ªØa nan nga bn v·∫≠y ?,2.5088555812835693,4.602539539337158
2,gi√° nhiu z,3.367219924926758,5.144786834716797
2,gi√° sao ad ∆°i ?,4.256624221801758,5.813784122467041
2,bn __d__ lon aptamil anh,2.5423271656036377,4.66892671585083
2,cho m√¨nh h·ªèi s·ªØa glico __d__g s·ªë __d__ h√†ng n·ªôi ƒë·ªãa bao nhi√™u __d__ lon,1.9734563827514648,4.649377822875977
2,bn __d__ hop v,2.60983943939209,4.86747932434082
2,h·ªôp __d__gam bao nhieu ah,3.112424373626709,4.929964065551758
2,h√†ng c·ªßa lg th√¨ y√™n t√¢m v·ªÅ ch·∫•t l∆∞·ª£ng v√† gi√° c·∫£ ch·ªã nh·ªâ,2.232922315597534,4.747311115264893
2,"pass hay sao ·∫° , gi√° sao ·∫°",2.6088039875030518,4.795663356781006
2,thanks shop nhiu,4.191339492797852,5.836103439331055
2,gi√° ti·ªÅn s·ªØa pediasure nh∆∞ th·∫ø n√†o h·∫£ em ?,2.1229610443115234,4.58039665222168
2,bn v shop,2.4152276515960693,4.789505958557129
2,gi√° nh∆∞ üòìüòì,4.047183513641357,5.648528575897217
2,d∆∞∆°ng giang c√≥ c√¥ bn kh√° th·∫ø,3.753558397293091,5.667807579040527
2,doi nay bn b,3.511262893676758,5.305309295654297
2,cho em h·ªèi store n√†o c√≥ b√°n v·ªõ nh∆∞ h√¨nh v√† gi√° l√† bao nhi√™u ·∫°,2.4632017612457275,5.226784706115723
2,similac dang goi bnhiu __d__ hop vay ·∫°,3.3992865085601807,5.1331467628479
2,sony __d__ __d__f bao nhieu ban oi,2.2923872470855713,4.555115222930908
2,optimum gold s√¥ÃÅ__d__ laÃÄ giaÃÅ bao nhieu v√¢Ã£y shop,2.540414333343506,4.6504106521606445
2,cho h·ªèi abot grow __d__ gi√° s v,2.5902481079101562,4.970521926879883
2,ib gi√° e shop oi,2.6909985542297363,5.02162504196167
2,xin h·ªèi s·ª± kh√°c bi·ªát gi·ªØa smart tv v√† internet tv ·∫°d√≤ng n√†o cao c·∫•p h∆°n ·∫°,3.148576259613037,5.3311238288879395
2,"sony c√≥ d√≤ng n√†o __d__k , t·∫ßn s·ªë qu√©t th·ª±c __d__hz , kh√¥ng c·∫ßn smart kh√¥ng ? < div class= '' messagetextendmarker '' > < /div >",2.571756601333618,4.6530656814575195
2,friso __d__ nhiu ·∫°,3.304234027862549,5.056497573852539
2,hop __d__g bao nhieu tien vay,2.2253243923187256,4.848881244659424
2,< img src= '' https : //i.imgur.com/__d__smqbsn.jpg '' border= '' __d__ '' alt= '' '' > < br > < br > m√¨nh to√†n mang ƒëi l√†m < img src= '' http : //i.imgur.com/zfnuzta.gif '' border= '' __d__ '' alt= '' '' > < br > < br > < i > ƒë∆∞·ª£c g·ª≠i t·ª´ iphone x - < a > vozforums < /a > < /i >,3.7274324893951416,5.848872661590576
2,ti vi sony ƒë·ªùi m∆°i b√°n bao nhiu v·∫≠y,1.8496581315994263,4.714084625244141
2,gi√° bn ad ∆°i,2.871096134185791,4.867020130157471
2,cho m√¨nh h·ªèi n·∫øu m√¨nh mua online th√¨ t·ªß l·∫°nh model n√†y gi√° bn v·∫≠y ? c√≥ khuy·∫øn m√£i g√¨ kg ?,2.4393186569213867,4.75917911529541
2,con ƒë√≥ gi√° sao b ∆°i ?,2.545553684234619,4.7888264656066895
2,gi√° k l·∫•y qu√† l√† bn,2.357950210571289,4.620156764984131
2,s·ªØa n√†y gi√° c√≥ cao kh√¥ng ch·ªã ? b√© nh√† e th·∫•p c√≤i u·ªëng ·ªïn kh√¥ng c,2.336782455444336,4.8793487548828125
1,< img src= '' https : //laz-img-cdn.alicdn.com/tfs/tb__d__btm__d__xqswbunjsszdxxbespxa-__d__-__d__.png '' class= '' pdp-mod-product-badge '' alt= '' badge '' > b·ªô __d__ l·ªëc s·ªØa n∆∞·ªõc similac iq __d__ h∆∞∆°ng vani __d__ml,3.8466453552246094,5.75412654876709
2,gia bn b ?,3.1085729598999023,5.403972625732422
2,gi√° s·ªë tr√™n __d__ tu·ªïi bn ti·ªÅn ak,2.5672523975372314,4.726680755615234
2,friso so __d__ bao nhieu __d__ hoÃ£p ban . bao nhieu hoÃ£p thi duoc tang qua,2.341395378112793,4.588720321655273
2,khuy·∫øn m√£i __d__k l√† ƒë∆∞·ª£c gi·∫£m gi√° tr·ª±c ti·∫øp tr√™n ƒë∆°n gi√° hay sao ƒëmay ?,2.992241859436035,5.729611396789551
2,b√°o gi√° ?,2.5718374252319336,5.201838493347168
2,gi√° bao ti·ªÅn v·∫≠y b·∫£o thanh ?,2.328568458557129,5.089846134185791
2,s·ªØa meiji gi√° nhieu b,3.085005760192871,4.946878433227539
2,bn ak,2.334501266479492,4.653095245361328
2,__d__chai nuoc mam gia bn ·∫°,3.5555834770202637,5.424335479736328
2,optimum gold __d__ gi√° bao nhi√™u ·∫°,2.155301809310913,4.737217903137207
2,cho e hoi hop lon bao nhieu fien vay,2.4641048908233643,4.798515796661377
2,__d__ inh bao nhi√™u ti·ªÅn ·∫°,2.4036014080047607,5.395564556121826
2,tv gi·ªù c·ª© lg - sony m√† ch∆°i.k nu·ªët n·ªïi tv samsung < div class= '' messagetextendmarker '' > < /div >,2.2150371074676514,4.742575168609619
2,s·ªØa ovaltine ƒë∆∞·ª£c b·ªï sung th√™m dha th√¨ gi√° c√≥ kh√°c s·ªØa c≈© ko c·∫≠u ?,1.9903393983840942,4.60664176940918
2,cho m√¨nh h·ªèi tivi sony kd- __d__x__d__f gi√° bnhieu ·∫°,2.996666669845581,5.103982448577881
2,lo·∫°i __d__ gi√° bn v·∫≠y ?,2.1233365535736084,4.547262191772461
2,kh√¥ng bao gi·ªù mua v·ªõi gi√° ƒë√≥ . d√π m√¨nh r·∫•t th√≠ch s·∫£n ph·∫©m c·ªßa samsung < div class= '' messagetextendmarker '' > < /div >,2.3772010803222656,5.404632568359375
2,lo·∫°i sam sung __d__ inh c√≥ tr·∫£ g√≥p kh√¥ng ·∫°,3.083223342895508,5.232785701751709
2,cho m√¨nh ? so ny smart smart tivi __d__inch __d__k model kd-__d__x__d__e c√≥ m·∫•y lo·∫°i v√† gi√° c·∫£ c·ª• th·ªÉ t·ª´ng lo·∫°i s·∫£n ph·∫©m n√†y mong ƒë∆∞·ª£c ph·∫£n h·ªìi xin c√£m ∆°n,2.1341638565063477,4.560153484344482
2,morinaga ekachan . nan pre . similac neosure ..,4.319975852966309,5.851161003112793
2,n·∫øu kh√¥ng l·∫•y m√°y gi·∫∑t th√¨ tivi bao nhi√™u ah,2.0509440898895264,4.668984889984131
2,bn tien __d__ thung pediasure vay b,2.1838538646698,4.722083568572998
2,qu·ª≥nh ng√¢n . ƒë·ªách . ms ƒëi h·ªèi gi√° .,3.3449106216430664,5.857015609741211
2,hop bao nhieu gr vay . gi√° bao nhieu,2.4964795112609863,5.054823398590088
2,jungha kim b√°n bao nhi√™u,2.0508360862731934,4.796573638916016
2,bn z shop,2.5664870738983154,4.732999324798584
2,mua tv t·ª´ __d__ `` tr·ªü l√™n ƒëc gi·∫£m gi√° __d__ % ·∫° ? vd mua tivi sony __d__x__d__f gi√° __d__ gi·∫£m __d__ % c√≤n __d__ ·∫° hay nh∆∞ n√†o ? t∆∞ v·∫•n cho e voies,3.322779417037964,5.377800941467285
2,tivi sony __d__in bn,3.5113494396209717,5.297995567321777
2,cho hoi gia ban bao nhiu pt,3.012455940246582,4.994889259338379
2,mua panasonic < img src= '' http : //forums.voz.vnimages/smilies/brick.png '' border= '' __d__ '' alt= '' '' title= '' brick '' class= '' inlineimg '' >,3.4557385444641113,5.331204891204834
2,< span class= '' reply_name myuser '' data-userid= '' __d__ '' > @ anh < /span > : abs ph·∫£i an to√†n h∆°n kh√¥ng abs ch·ª©,3.8940300941467285,5.861533164978027
2,b√°o gi√° e s·ªØa meiji s·ªë __d__,3.2445437908172607,5.504261016845703
2,friso __d__ __d__gr nhiu v b,3.1636505126953125,5.055391311645508
2,di·∫ªn tich gia bao nhieu,2.441080331802368,4.647298812866211
2,gi√° bao nhi√™u v·∫≠y ? chung c∆∞ h·∫£ ? h·ª£p ƒë·ªìng bao nhi√™u nƒÉm ?,2.6771557331085205,5.393641471862793
2,bao nhieu th√πng ·∫°,3.413029193878174,5.283308029174805
2,mua __d__lon optimum gold __d__ bn ti·ªÅn v·∫≠y ? n·∫øu mua nhi·ªÅu c√≥ t√≠nh giad kh√°c k ?,2.4591867923736572,4.596530437469482
2,ph√∫ th·ªç th√¨ gi√° sao ad ∆°i,2.411237955093384,4.977304935455322
2,cho h·ªèi gi√°,2.0883290767669678,4.625130653381348
2,h·ªôp s√¥ __d__ gi√° bao nhi√™u v·∫≠y .·ªü ho√†i ƒë·ª©c c√≥ ƒëai li n√†o ko v·∫≠y,2.052839994430542,4.7841997146606445
2,b√¥Ã£ h√¥Ã£p ƒë∆∞Ã£ng cocacola bao nhi√™u,2.4963457584381104,4.823882579803467
2,samsung bn ah,3.1014811992645264,4.99662446975708
2,sony __d__x__d__f gi√° bao nhi√™u,2.578677177429199,4.627304553985596
2,"d√≤ng hp omen __d__ __d__ ti , t√≠nh khuy·∫øn m√£i th√¨ c√≤n bao nhi√™u ·∫° ^^",2.146202325820923,4.579357147216797
2,y·∫øn tr·∫ßn gia bao nhiu c,2.5641329288482666,5.4060821533203125
2,y·∫øn bn kg ·∫°,4.084860801696777,5.777213096618652
2,gia nhi√™u chi,3.6653122901916504,5.314753532409668
2,mua v·ªõi gi√° bao nhi√™u th√¨ ƒë∆∞·ª£c freeship v·∫≠y ch·ªã ?,2.0348963737487793,4.74930477142334
2,gi√° new l√† bao nhi√™u nh·ªâ v√† c√≥ chi·∫øn ƒëc pupg k,2.5785789489746094,5.118730545043945
2,s v√¢Ã£y biÃ£ gj v√¢Ã£y bn gia,3.278090476989746,5.665271759033203
2,sua nay bao nhieu tien ban oi,2.7857420444488525,4.976742744445801
2,xin gia shop oi,3.0186660289764404,4.9294328689575195
