mention_type,mention,pred
2,"< div class= '' bbcodeblock bbcodequote '' > < div class= '' attribution type '' > quyet__d__ đã viết : < a class= '' attributionlink '' > ↑ < /a > < /div > < blockquote class= '' quotecontainer '' > < div class= '' quote '' > '' trước đó , sacombank đã liên tiếp đạt các giải thưởng quan trọng như giải < b > ngân hàng có mạng lưới chấp nhận thẻ hiệu quả nhất __d__ < /b > do hiệp hội các ngân hàng việt nam phối hợp với tập đoàn dữ liệu quốc tế idg",0.9995502829551697
2,"shopee bán tv samsung rẻ hơn tiki , mấy đợt km thì __d__ '' fullhd chỉ có __d__tr < img src= '' http : //tinhte.vnstyles/default/xenforo/clear.png '' class= '' mcesmiliesprite mcesmilie__d__ '' alt= '' : d '' title= '' big grin : d '' > < div class= '' messagetextendmarker '' > < /div >",0.9998809099197388
1,< br > < ul class= '' social-list bsc-clearfix '' > < /ul > < br > < h__d__ > thị trường gần như không có phản ứng với việc __d__ quỹ etf ngoại chốt danh mục . vn-index duy trì đà tăng mạnh từ phiên sáng với sự hỗ trợ của các mã lớn và vượt qua ngưỡng __d__.__d__ điểm. < /h__d__ > < p > < img class= '' aligncenter size-full wp-image-__d__ '' src= '' http : //doanhnhanplus.vn/wp-content/uploads/__d__/__d__/phien-sang_pfep.jpg '' alt= '' '' width= '' __d__ '' height= '' __d__ '' > < /p > < p > phiên,0.9937133193016052
1,"liberty kim cúc hưng thịnh ngay đại lộ an dương vương tuyến đường đẹp nhất quy nhơn . dự án khu phức hợp căn hộ mặt tiền biển , nội thất __d__* , cam kết lợi nhuận cho nhà đầu tư. < br > < br > < b > < span > click xem ngay < /span > < a class= '' externallink '' rel= '' nofollow '' > thông tin dự án < /a > < /b > < br > < br > < a class= '' externallink '' rel= '' nofollow '' > < img src=",0.8198882341384888
2,"< span > < b > lên kế hoạch `` làm ăn lớn '' , hdbank đã tuyển thêm __d__.__d__ nhân sự < /b > < /span > < br > __d__-__d__-__d__ - __d__:__d__ < br > < br > < a class= '' externallink '' rel= '' nofollow '' > < img src= '' http : //cafefcdn.com/thumb_w/__d__/__d__/__d__/__d__/photo__d__-__d__.jpg '' class= '' bbcodeimage lbimage '' alt= '' [ ​img ] '' > < /a > < br > < span > < b > < a class= '' externallink '' rel= '' nofollow '' > năm vừa qua hdbank đã phát",0.999983549118042
2,"< img src= '' https : //cdn.otosaigon.com/attachments/otosaigon-honda-moto-shop-__d__-jpg.__d__/ '' title= '' otosaigon-honda-moto-shop-__d__ . '' alt= '' otosaigon-honda-moto-shop-__d__ . '' class= '' bbcodeimage lbimage '' > < br > < a class= '' tinhte_xentag_taglink '' > honda < /a > việt nam vừa chính thức khai trương cửa hàng có tên là < a class= '' tinhte_xentag_taglink '' > honda moto shop < /a > , chuyên bán xe mô tô pkl chính hãng . đây là cửa hàng bán xe mô tô pkl honda chính hãng đầu tiên tại tphcm và cũng đầu tiên tại việt nam . trong lễ khai",0.998471200466156
1,< span class= '' vb_gioi_thieu '' > sáng nay __d__/__d__ tỷ giá usd tại các ngân hàng thương mại vẫn tiếp tục giảm. < /span > < br > < span class= '' vb_noi_dung '' > ngày __d__/__d__ ngân hàng nhà nước công bố tỷ giá trung tâm của đồng việt nam với đô la mỹ ở mức : __d__.__d__ đồng ( tăng __d__ đồng ) . < /span > < br > < span class= '' vb_noi_dung '' > tỷ giá tham khảo tại sở giao dịch nhnn hiện mua vào ở mức __d__.__d__ đồng ( không đổi ),0.9790504574775696
2,< div > < div class= '' smallfont '' > quote : < /div > < table cellpadding= '' __d__ '' cellspacing= '' __d__ '' border= '' __d__ '' width= '' __d__ % '' class= '' voz-bbcode-quote '' > < tbody > < tr > < td class= '' alt__d__ '' > < div > originally posted by < strong > chimtonhuphich__d__ < /strong > < a rel= '' nofollow '' > < img class= '' inlineimg '' src= '' http : //forums.voz.vnimages/buttons/viewpost.gif '' border= '' __d__ '' alt= '' view post '' > < /a > < /div >,1.0
1,"< div > < div > < /div > < /div > < div class= '' imgdetail '' > < img alt= '' thêm ngân hàng tất toán toàn bộ trái phiếu vamc trước hạn - ảnh __d__ '' title= '' thêm ngân hàng tất toán toàn bộ trái phiếu vamc trước hạn - ảnh __d__ '' border= '' __d__ '' src= '' https : //vneconomy.mediacdn.vn/zoom/__d_____d__/__d__/__d__-__d__-__d__-__d__-__d__-__d__-crop-__d__.jpg '' width= '' __d__ '' height= '' __d__ '' > < p > theo quy định , các ngân hàng sau khi bán lại nợ xấu cho vamc và nhận về trái phiếu đặc",0.9982805252075195
1,"điêu đứng vì __d__ năm tàu vỏ thép nằm bờ , trong khi bên đóng tàu và bên lắp máy đùn đẩy trách nhiệm cho nhau , khiến gia đình ông liên lâm vào cảnh nợ nần . < br > < p class= '' body-image '' > < img src= '' https : //photo-__d__-baomoi.zadn.vn/w__d___r__d__/__d_____d_____d_____d_____d__/b__d__ccdead__d__ecccb__d__fd.jpg '' > < /p > < p class= '' body-text media-caption '' > < em > ông trần văn liên bức xúc kể lại câu chuyện. < /em > < /p > < p class= '' body-text '' > chiều __d__/__d__ , ông trần văn",0.8325604200363159
1,"< div > < img src= '' https : //image__d__.tin__d__.com/pictures/__d__/__d__/__d__/jwl__d__.jpg '' alt= '' thị trường thuận lợi , ngân hàng ồ ạt lên sàn '' > < /div > < div class= '' text '' > < div > < div > < strong > khối ngân hàng đã lên sàn được một nửa < /strong > < /div > < div > theo thống kê từ ngân hàng nhà nước , hiện có __d__ ngân hàng tmcp , gồm cả __d__ ngân hàng có vốn nhà nước chi phối như : bidv , vietcombank và vietinbank. < br >",0.7025273442268372
2,"< div class= '' bbcodeblock bbcodequote '' > < div class= '' attribution type '' > always_happy nói : < a class= '' attributionlink '' > ↑ < /a > < /div > < blockquote class= '' quotecontainer '' > < div class= '' quote '' > không biết chiếc tv này có giá cao không nhỉ , nhìn thế này thì chịu sao nổi cơ chứ : d < /div > < div class= '' quoteexpand '' > click to expand ... < /div > < /blockquote > < /div > tầm __d__tr thôi bác , giá này thì",0.9999957084655762
1,"nhiều ngân hàng tăng lãi suất trong tháng __d__/__d__ với mức cao nhất lên đến __d__,__d__ % /năm . < br > < p class= '' body-image '' > < img src= '' https : //photo-__d__-baomoi.zadn.vn/w__d___r__d__/__d_____d_____d_____d_____d__/a__d__aa__d__ba__d__ee__d__.jpg '' > < /p > < p class= '' body-text media-caption '' > < em > cập nhật lãi suất ngân hàng trong tháng __d__/__d__ . ảnh minh họa. < /em > < /p > < p class= '' body-text '' > cụ thể , từ đầu tháng __d__/__d__ mức lãi suất cao nhất tại ngân hàng bản việt ( vietcapitalbank ) và vpbank",0.97899329662323
1,< p class= '' leada '' > tỷ giá ngoại tệ ngày __d__/__d__ diễn biến theo xu hướng đồng usd trên thị trường quốc tế vẫn khá gần với đỉnh cao __d__ năm vừa thiết lập hôm thứ năm . đồng bạc xanh hạ nhiệt sau cú tăng bất ngờ của đồng euro nhưng vẫn rập rình tăng trở lại. < /p > < div > < img border= '' __d__ '' src= '' http : //www.xaluan.com/images/news/image/__d__/__d__/__d__/__d__b__d__dc__d__ca.img.jpg '' alt= '' tỷ giá ngoại tệ ngày __d__/__d__ : usd tăng tiếp lên đỉnh mới '' class= '' headimg '' > <,0.8264917731285095
1,"< span > bizlive - < /span > nhóm cổ phiếu lớn xuất hiện điều chỉnh nhưng mức độ giảm không sâu . theo đánh giá của các công ty chứng khoán , xu hướng tăng trung hạn của thị trường vẫn được giữ nguyên . < div class= '' social '' > < div > < a class= '' zshare-zalo zalo-share-button '' > < span class= '' zshare-label '' > chia sẻ < /span > < /a > < div class= '' fb-send '' > < /div > < div class= '' fb-like '' > < /div > <",0.9974043965339661
2,tivi flagship hãng nào cũng nhồi nhất rất cả công nghệ đỉnh cao vào nên mua về không lo thiếu những tính năng mới nhất < div class= '' messagetextendmarker '' > < /div >,0.6382880806922913
2,"thằng thớt nhân cách như lol , ngậm cục tiền xong lặn . thằng bán hàng làm sai đéo dc __d__ câu xloi , tỏ vẻ bố đời , dis mẹ __d__ thằng lol < img src= '' http : //forums.voz.vn/images/smilies/off/go.gif '' border= '' __d__ '' alt= '' '' title= '' go '' class= '' inlineimg '' >",0.9764949083328247
2,< div > < div class= '' smallfont '' > quote : < /div > < table cellpadding= '' __d__ '' cellspacing= '' __d__ '' border= '' __d__ '' width= '' __d__ % '' class= '' voz-bbcode-quote '' > < tbody > < tr > < td class= '' alt__d__ '' > < div > originally posted by < strong > trunkz. < /strong > < a rel= '' nofollow '' > < img class= '' inlineimg '' src= '' http : //forums.voz.vnimages/buttons/viewpost.gif '' border= '' __d__ '' alt= '' view post '' > < /a > < /div >,1.0
2,"trong công ty có chị bạn mới mua tủ lạnh side by side của lg đẹp ghê , với lại để đồ ăn được lâu nữa < div class= '' messagetextendmarker '' > < /div >",0.686812698841095
2,"< div class= '' bbcodeblock bbcodequote '' > < div class= '' attribution type '' > stocks__d__ đã viết : < a class= '' attributionlink '' > ↑ < /a > < /div > < blockquote class= '' quotecontainer '' > < div class= '' quote '' > chưa thấy đồng chí so sánh mbb với acb nhỉ ? < /div > < div class= '' quoteexpand '' > xem tất cả < /div > < /blockquote > < /div > acb __d__ đợt biến trích lập dư phòng xong , thì còn có gì bác nhỉ ? cũng thích",0.9999880790710449
1,"< blockquote class= '' messagetext selectquotecontainer ugc basehtml '' > < a title= '' vnraovat.net - diễn đàn seo , rao vặt chất lương - miễn phí - hiệu quả - link dofollow '' rel= '' nofollow '' > vnraovat.net - diễn đàn seo , rao vặt chất lương - miễn phí - hiệu quả - link dofollow < /a > - < a class= '' externallink '' > sơn chống thấm dulux weathershield < /a > là giải pháp hiệu quả cho bề mặt tường trở nên sáng đẹp , mịn và nhẵn . bạn sẽ không phải lo",0.8430458307266235
1,< div id= '' gioi-thieu '' class= '' content js-content '' > < p > combo __d__ tã/bĩm quần merries size xl - __d__ miếng ( cho bé __d__ - __d__kg ) < /p > < p > < img src= '' https : //vn-live-__d__.slatic.net/original/__d__cba__d__d__d__b__d__d__d__be__d__d__d__fb__d__f__d__b__d__e.jpg '' alt= '' tã quần merries '' > < img src= '' https : //vn-live-__d__.slatic.net/p/mdc/a__d__f__d__aa__d__ed.jpg '' alt= '' tã quần merries '' > < /p > < h__d__ > thông tin sản phẩm < /h__d__ > < p > rãnh thông khí độc đáo thoát hơi ẩm quanh eo tạo nên khoảng cách giữa da,0.9665506482124329
1,< div class= '' detail-news '' > < p > tỷ giá ngoại tệ ngày __d__/__d__ diễn biến theo xu hướng đồng usd trên thị trường thế giới biến động quanh ngưỡng nhạy cảm trước những diễn biến khó lường trong quan hệ mỹ - trung và nội tại nền kinh tế __d__ nước. < /p > < p > < /p > < table align= '' center '' class= '' image center '' width= '' __d__ '' > < tbody > < tr > < td > < img alt= '' tỷ giá ngoại tệ hôm nay : usd,0.8561591506004333
2,"thị phần môi giới chứng khoán hnx năm __d__ : shs bất ngờ bám sát ssi < br > < img src= '' http : //cafef.vcmedia.vn/thumb_w/__d__/__d__/annetaristhefightforasmallersliceofpie-__d__.jpg '' class= '' bbcodeimage lbimage '' alt= '' [ ​img ] '' > < br > < br > < span > < b > tính chung cả năm __d__ , ssi chiếm thị phần môi giới chứng khoán lớn nhất hnx với __d__,__d__ % . trong khi đó , shs bám sát với thị phần __d__,__d__ % . các vị trí tiếp theo bị bỏ khá xa như vndirect ( __d__,__d__ % )",0.7427835464477539
2,< a class= '' username author bdposttree_replyposter '' dir= '' auto '' > thắng đức nguyễn < /a > < div class= '' bdposttree_parentquote hash-aac__d__c__d__a__d__cc__d__d__d__eed__d__a '' > < div class= '' bbcodeblock bbcodequote '' > < div class= '' attribution type '' > hassler đã nói : < a class= '' attributionlink '' > ↑ < /a > < /div > < blockquote class= '' quotecontainer '' > < div class= '' quote '' > chỉ để ăn phở và hóng hớt thôi bác < img src= '' http : //tinhte.vnstyles/default/xenforo/clear.png '' class= '' mcesmiliesprite mcesmilie__d__ '' alt= '' :,1.0
2,mang ra cửa hàng vàng là có giá ngay thôi . < img src= '' http : //otofun.netstyles/yahoo/__d__.gif '' class= '' mcesmilie '' alt= '' : d '' title= '' big green : d '' > < div class= '' messagetextendmarker '' > < /div >,0.9998401403427124
1,"tại một số nhà băng hiện lãi suất các kỳ hạn dài đã lên tới __d__,__d__ % /năm , cao nhất từ đầu năm đến nay . trong khi đó , lãi suất cho kỳ hạn một năm cao nhất lên ... < br > < div > < div id= '' float_relation '' > < div class= '' push_relation_float '' > < /div > < div class= '' ovh relation_float '' > < div class= '' ovh relation_float-head '' > < /div > < /div > < /div > < div id= '' divfirst '' > < p >",0.7699511051177979
1,< div class= '' chuyennoidung '' > < p > < b > trước khi đi ra ngân hàng vietcombank để giao dịch hãy tham khảo giờ làm việc chính thức của ngân hàng ở đây để không mất thời gian và công sức. < /b > < b > < /b > < /p > < div > < b > < img src= '' https : //cdn.trangcongnghe.com/uploads/posts/__d__-__d__/__d___gio-lam-viec-cua-ngan-hang-vietcombank-thoi-gian-mo-cua-ngan-hang-tmcp-ngoai-thuong-vn-__d__.jpg '' alt= '' '' class= '' fr-dib fr-draggable '' > < br > < /b > < /div > < div class= '' page-load-status '' > < div class= '' loader-ellips,0.9815349578857422
2,< a class= '' username author bdposttree_replyposter '' dir= '' auto '' > alexnam < /a > < div class= '' bdposttree_parentquote hash-__d__d__d__f__d__f__d__c__d__bf__d__fb__d__bd '' > < div class= '' bbcodeblock bbcodequote '' > < div class= '' attribution type '' > hoantieumuoi đã nói : < a class= '' attributionlink '' > ↑ < /a > < /div > < blockquote class= '' quotecontainer '' > < div class= '' quote '' > với bọn mình thì đơn giản nó là __d__ máy..còn theo dòng lịch sử thì từ cái tên cho một đời xe trở thành cái tên cho,0.9999997615814209
2,"< div class= '' bbcodeblock bbcodequote '' > < div class= '' attribution type '' > vanhoaphatmt đã viết : < a class= '' attributionlink '' > ↑ < /a > < /div > < blockquote class= '' quotecontainer '' > < div class= '' quote '' > < a class= '' externallink '' rel= '' nofollow '' > http : //ndh.vn/dhdcd-vietcombank-ong ... gia-thi-truong-__d__p__d__c__d__.news < /a > < br > vcb nới room thì nh ngon rồi , sau vcb chắc là ctg ? < /div > < div class= '' quoteexpand '' > xem tất cả < /div >",0.9999990463256836
2,"có ai lấn cấn giữa ss __d__ và __d__ không ạ , chênh nhau không nhiều nhưng em lại thích kiểu dáng của em __d__ '' hơn < div class= '' messagetextendmarker '' > < /div >",0.9298539757728577
1,"< span class= '' vb_gioi_thieu '' > sáng nay __d__/__d__ , tỷ giá trung tâm vnd/usd tăng mạnh , giá usd tại nhiều ngân hàng cũng điều chỉnh nhẹ so với ngày hôm qua. < /span > < br > < span class= '' vb_noi_dung '' > tại thị trường trong nước , hôm nay tỷ giá trung tâm vnd/usd được ngân hàng nhà nước niêm yết ở mức __d__.__d__ vnd/usd , tăng __d__ đồng so với hôm qua. < /span > < br > < span class= '' vb_noi_dung '' > với biên độ +/-__d__ % đang được áp",0.983340322971344
1,< div class= '' __mb_mastercms_el '' id= '' __mb_mastercms_el___d__ '' > < table border= '' __d__ '' cellpadding= '' __d__ '' cellspacing= '' __d__ '' class= '' mastercms_tpl_table '' > < tbody > < tr > < td > < img alt= '' vn stocks hit by strong selling on poor investor confidence '' border= '' __d__/ '' class= '' __img_mastercms '' src= '' http : //www.vir.com.vn/stores/news_dataimages/hung/__d__/__d__/__d__/in_article/vn-stocks-hit-by-strong-selling-on-poor-investor-confidence.jpg '' title= '' vn stocks hit by strong selling on poor investor confidence '' > < /td > < /tr > < tr > < td > vietnamese stock market suffered big losses,0.9999992847442627
2,âm thanh hình ảnh vẫn luôn tin dùng sony ! < div class= '' messagetextendmarker '' > < /div >,0.9027283787727356
2,e kết out nhưng đang chờ xe nhập hạ giá tương đương honda hạ ! < div class= '' messagetextendmarker '' > < /div >,0.9068728089332581
1,"< div class= '' summary cms-desc '' > < div > ( đtck ) các cổ phiếu vốn hóa lớn nhất thị trường thi nhau đua sắc xanh trong nửa đầu phiên sáng nay đã nhanh chóng kéo vn-index thẳng tiến lên ngưỡng __d__ điểm. < /div > < /div > < div id= '' abody '' class= '' cms-body '' > < p > trong phiên hôm qua ( __d__/__d__ ) , nhờ lượng cung giá thấp tiết giảm , vn-index có lúc đã hồi phục tốt trở lại , nhưng do lực cầu còn thận trọng , nên",0.6370007991790771
2,có nikon d__d__ ko bạn ? cho xin cái giá < div class= '' messagetextendmarker '' > < /div >,0.9731901288032532
2,< div class= '' bbcodeblock bbcodequote '' > < div class= '' attribution type '' > mr_bill_g đã viết : < a class= '' attributionlink '' > ↑ < /a > < /div > < blockquote class= '' quotecontainer '' > < div class= '' quote '' > bữa sau chia __d__ % là về đó < img src= '' http : //f__d__.comstyles/yahoo/__d__.gif '' class= '' mcesmilie '' alt= '' : d '' title= '' big green : d '' > nhưng phải lên __d__ đã < div class= '' doublepost '' > < blockquote class= '' doubleposttagtextcontainer '' >,1.0
1,"< p class= '' leada '' > sáng nay lực bán ồ ạt , vn-index lao dốc và đây là phiên giảm mạnh nhất của thị trường chứng khoán từ đầu tháng đến nay. < /p > < div > < img border= '' __d__ '' src= '' http : //www.xaluan.com/images/news/image/__d__/__d__/__d__/__d__b__d__f__d__d__d__f__d__.img.jpg '' alt= '' chứng khoán __d__/__d__ : lực bán ồ ạt , vn-index lao dốc '' class= '' headimg '' > < br > < i > ảnh minh họa < /i > < /div > < div id= '' contentdivide '' > < /div > < p >",0.9978094696998596
2,< div > < div class= '' smallfont '' > quote : < /div > < table cellpadding= '' __d__ '' cellspacing= '' __d__ '' border= '' __d__ '' width= '' __d__ % '' class= '' voz-bbcode-quote '' > < tbody > < tr > < td class= '' alt__d__ '' > < div > originally posted by < strong > bong < /strong > < a rel= '' nofollow '' > < img class= '' inlineimg '' src= '' http : //vozforums.comimages/buttons/viewpost.gif '' border= '' __d__ '' alt= '' view post '' > < /a > < /div >,1.0
2,mình dùng anfa a+ thấy ổn < div class= '' messagetextendmarker '' > < /div >,0.8909847736358643
1,"< span class= '' vb_gioi_thieu '' > nhu cầu tiền mặt tăng cao vào dịp cuối năm , nhất là tại các khu công nghiệp ( kcn ) , khiến nguy cơ quá tải , nghẽn mạng atm vẫn có thể diễn ra. < /span > < br > < img src= '' http : //a__d__.vietbao.vn/images/vn__d__/__d__/__d__/__d__/__d__-nguy-co-qua-tai-nghen-mang-atm-dip-tet-co-the-tai-dien-__d__.jpg '' alt= '' nguy co qua tai , nghen mang atm dip tet co the tai dien '' height= '' __d__ '' > < br > < span class= '' vb_tieu_de_phu '' > nhu cầu tiền mặt tăng vọt < /span > < br",0.8946002125740051
1,"< p > < img id= '' img___d__ '' src= '' https : //dantricdn.com/thumb_w/__d__/__d__/__d__/__d__/screen-shot-__d__-__d__-__d__-at-__d__-pm-__d__.png '' alt= '' sắc đỏ bao trùm thị trường trước những biến động mạnh của chứng khoán toàn cầu '' > < /p > < p class= '' photocms_caption '' > < em > sắc đỏ bao trùm thị trường trước những biến động mạnh của chứng khoán toàn cầu < /em > < /p > < br > sau khi rơi mạnh trong phiên __d__/__d__ , tới sáng nay , các chỉ số tiếp tục diễn biến tiêu cực . với chỉ __d__ mã tăng",0.9779455661773682
1,"công ty tnhh mua bán nợ việt nam ( datc ) vừa thông báo lựa chọn tổ chức bán đấu giá tài sản tại công ty cổ phần lilama __d__.__d__ . < br > < p class= '' body-image '' > < img src= '' https : //photo-__d__-baomoi.zadn.vn/w__d___r__d__/__d_____d_____d_____d_____d__/__d__d__d__d__d__f__d__c__d__df__d__.jpg '' > < /p > < p class= '' body-text '' > theo đó , tổ chức đấu giá tài sản được lựa chọn sẽ thực hiện bán đấu giá tài sản trên đất gắn liền với lợi thế quyền thuê __d__.__d__ m__d__ đất ( đất thuê trả tiền hàng năm )",0.9449913501739502
2,< a class= '' username author bdposttree_replyposter '' dir= '' auto '' > hoangh @ < /a > < div class= '' bdposttree_parentquote hash-__d__db__d__cd__d__be__d__a__d__ba__d__f__d__e__d__f '' > < div class= '' bbcodeblock bbcodequote '' > < div class= '' attribution type '' > alasco đã nói : < a class= '' attributionlink '' > ↑ < /a > < /div > < blockquote class= '' quotecontainer '' > < div class= '' quote '' > em thấy các bác ở đây đa phần tư vấn mua điều hoà nhật . thế các nước khác thì sao ạ ? hàn quắc có,0.9999998807907104
2,"< div class= '' bbcodeblock bbcodequote '' > < div class= '' attribution type '' > hoangtu_lavender đã viết : < a class= '' attributionlink '' > ↑ < /a > < /div > < blockquote class= '' quotecontainer '' > < div class= '' quote '' > hôm qua tôi thấy khối ngoại mua đột biến , là đã nghi ngờ ngay , đầu phiên đang giằng co __d__-__d__.__d__ tôi chịu chơi mua luôn __d__.__d__ ko tiếc một line. < /div > < div class= '' quoteexpand '' > xem tất cả < /div > < /blockquote > <",0.9999805688858032
1,"< p > < strong > < span > < img src= '' http : //vnba.org.vn/images/hoat_dong_hiep_hoi/techcombank_tang_von_len_gan___d___ty_ngay_trong_thang___d__.jpg '' alt= '' techcombank tang von len gan __d__ ty ngay trong thang __d__ '' height= '' __d__ '' width= '' __d__ '' > ngày __d__/__d__/__d__ , ngân hàng k < /span > < span > ỹ < /span > < span > th < /span > < span > ươ < /span > < span > ng vi < /span > < span > ệ < /span > < span > t nam ( techcombank ) t < /span > < span >",0.9916139841079712
1,"< div class= '' summary cms-desc '' > < div > ( đtck ) bất chấp nhà đầu tư trong nước bán ra khá mạnh khiến thị trường chìm trong sắc đỏ và các chỉ số giảm sâu , nhà đầu tư nước ngoài vẫn túc tắc mua vào bluechip và tiếp tục có phiên mua ròng tích cực , với tổng giá trị hơn __d__ tỷ đồng. < /div > < /div > < div id= '' abody '' class= '' cms-body '' > < p > < b > trên sàn hose , < /b > khối ngoại",0.9016050100326538
1,"< img src= '' http : //cafefcdn.com/zoom/__d_____d__/__d__/__d__/__d__/photo__d__-__d__.jpg '' title= '' bvh tăng trần “ trắng bên bán ” , vnindex tiếp tục tăng hơn __d__ điểm '' > < br > tạm dừng phiên giao dịch buổi sáng , vnindex tăng __d__,__d__ điểm ( __d__,__d__ % ) lên __d__.__d__,__d__ điểm ; hnx-index tăng __d__,__d__ điểm ( __d__,__d__ % ) lên __d__,__d__ điểm ; upcom-index tăng __d__,__d__ điểm ( __d__,__d__ % ) lên __d__,__d__ điểm . < br > < span id= '' maincontent '' > < p > càng về cuối buổi sáng , giao dịch càng trở nên tích",0.6548702716827393
1,< p class= '' leada '' > huyền như chấp nhận án chung thân và bồi thường thiệt hại nhưng các công ty yêu cầu vietinbank phải trả số tiền này. < /p > < div > < img border= '' __d__ '' src= '' http : //www.xaluan.com/images/news/image/__d__/__d__/__d__/__d__b__d__b__d__cb__d__db__d__.img.jpg '' alt= '' huyền như và tuấn tại tòa hôm nay . ảnh : hải duyên . '' class= '' headimg '' > < br > < i > huyền như và tuấn tại tòa hôm nay . ảnh : hải duyên. < /i > < /div > < div id= '',0.9993438124656677
2,công suat con ti vi nay la bao nhieu,0.6661123037338257
1,"< div id= '' abdf '' > < p > < img src= '' http : //medianews.netnews.vn:__d__/netnews/archive/images/__d__/tinngan___d_____d_____d__wap___d__.jpg '' > < /p > < p class= '' p-chuthich '' > < /p > < p > để cân đối nguồn vốn , đáp ứng ứng nhu cầu cho vay trung dài hạn ; lãi suất huy động kỳ hạn dài có dấu hiệu tăng trong __d__ tháng trở lại đây tại một số nhà băng . trong khi đó , lãi suất kỳ hạn ngắn không mấy thay đổi sau khi đã giảm khá thấp ở những tháng trước đó .",0.9472593665122986
2,< a class= '' username author bdposttree_replyposter '' dir= '' auto '' > vnvn < /a > < div class= '' bdposttree_parentquote hash-b__d__ef__d__f__d__e__d__da__d__c__d__de__d__ '' > < div class= '' bbcodeblock bbcodequote '' > < div class= '' attribution type '' > chu q tùng đã nói : < a class= '' attributionlink '' > ↑ < /a > < /div > < blockquote class= '' quotecontainer '' > < div class= '' quote '' > tôi không có tiền để mua nên không biết.nhưng tôi cũng rất mê dòng xe này rồi . chỉ chờ khi nó ra phanh abs,0.9999997615814209
1,"< div class= '' __mb_mastercms_el '' id= '' __mb_mastercms_el___d__ '' > < table align= '' center '' border= '' __d__ '' cellpadding= '' __d__ '' cellspacing= '' __d__ '' class= '' mastercms_tpl_table '' > < tbody > < tr > < td > < img alt= '' after delays local banks eye listing '' border= '' __d__/ '' class= '' __img_mastercms '' src= '' https : //www.vir.com.vn/stores/news_dataimages/hung/__d__/__d__/__d__/in_article/after-delays-local-banks-eye-listing.jpg '' title= '' after delays , local banks eye listing '' > < /td > < /tr > < tr > < td > nam a bank plans to list on the bourse",1.0
2,vì nó kèm chữ `` sh '' < img src= '' http : //vozforums.com/images/smilies/off/sexy_girl.gif '' border= '' __d__ '' alt= '' '' title= '' sexy girl '' class= '' inlineimg '' > < br > bỏ thêm chục triệu mua mẹ con sh __d__ . đú sh mà mua con fake __d__ kia trông quê mùa quá thím < img src= '' http : //vozforums.com/images/smilies/off/sad.gif '' border= '' __d__ '' alt= '' '' title= '' sad '' class= '' inlineimg '' > < br > < br > < i > được gửi từ iphone x - < a >,0.9999973773956299
1,< p class= '' lead '' > lãnh đạo ngân hàng nhà nước khẳng định sẽ thực hiệm nghiêm túc kết luận của cơ quan kiểm tra trung ương liên quan sai phạm ông trần bắc hà. < /p > < div > < img border= '' __d__ '' src= '' http : //www.xaluan.com/images/news/image/__d__/__d__/__d__/__d__b__d__b__d__e__d__c__d__.img.jpg '' alt= '' bà nguyễn thị hồng - phó thống đốc ngân hàng nhà nước . ảnh : võ hải '' class= '' headimg '' > < br > < i > bà nguyễn thị hồng - phó thống đốc ngân hàng nhà nước . ảnh,0.9982629418373108
2,"< div class= '' bbcodeblock bbcodequote '' > < div class= '' attribution type '' > springsail đã viết : < a class= '' attributionlink '' > ↑ < /a > < /div > < blockquote class= '' quotecontainer '' > < div class= '' quote '' > - giai đoạn gồ ghề này dòng tiền ko đổ vào mạnh , thì ko có thanh khoản lớn đâu , nên ko có phiên thuyết phục đâu < br > - nhưng , muốn lặn lội thân cò kiếm cơm trong bối cảnh thị trường khó nhằn này chỉ có __d__",0.9997937083244324
1,"< div class= '' summary cms-desc '' > < div > ( đtck ) giao dịch nhà đầu tư nước ngoài vẫn là một trong những điểm nhấn của thị trường chứng khoán những phiên cuối năm , với giá trị mua ròng đạt hơn __d__ tỷ đồng trong ngày __d__/__d__ . trong đó , cổ phiếu pow tiếp tục được khối này đẩy mạnh mua vào. < /div > < /div > < div id= '' abody '' class= '' cms-body '' > < p > < b > trên sàn hose , < /b > khối ngoại mua",0.8330563306808472
2,"đíu mợ , nồi cơm tao để __d__ ngày mở ra cũng dòi lúc nhúc này , đậu má bọn lều báo . < img src= '' http : //vozforums.com/images/smilies/off/shame.gif '' border= '' __d__ '' alt= '' '' title= '' shame '' class= '' inlineimg '' >",0.783574640750885
2,"< a class= '' username author bdposttree_replyposter '' dir= '' auto '' > nhân trần __d__ < /a > < div class= '' bdposttree_parentquote hash-__d__c__d__c__d__b__d__a__d__d__d__d__d__c__d__bb '' > < div class= '' bbcodeblock bbcodequote '' > < div class= '' attribution type '' > lemon treet đã nói : < a class= '' attributionlink '' > ↑ < /a > < /div > < blockquote class= '' quotecontainer '' > < div class= '' quote '' > bé nhà mình ngồi tv nhiều lắm , nên kiểu gì cũng phải mua tv sony để mắt con không bị mỏi mắt đó",0.9999998807907104
2,"< div class= '' bbcodeblock bbcodequote '' > < div class= '' attribution type '' > dragon__d__ đã viết : < a class= '' attributionlink '' > ↑ < /a > < /div > < blockquote class= '' quotecontainer '' > < div class= '' quote '' > < span > < b > lợi nhuận trước thuế __d__ tháng đầu năm __d__ đạt __d__.__d__ tỷ đồng , tăng __d__ % so với cùng kỳ năm trước. < /b > < /span > < br > < br > lợi nhuận trước thuế năm __d__ dự kiến trên __d__.__d__ tỷ",0.9997493624687195
1,"< div class= '' article-photo '' > < img alt= '' '' src= '' https : //images__d__-focus-opensocial.googleusercontent.com/gadgets/proxy ? container=focus & gadget=a & no_expand=__d__ & refresh=__d__ & url=https : //img.vietnamplus.vn/t__d__/uploaded/znaets/__d_____d_____d__/img___d__.jpg '' > < span > giao dịch tại tpbank . ( nguồn : tpbank ) < /span > < /div > < br > được đánh giá cao về tính bền vững , khả năng bán hàng cũng như sự minh bạch trong chiến lược kinh doanh và giá trị thương hiệu , < a title= '' tpbank '' > tpbank < /a > được xếp vào nhóm __d__ ngân hàng",0.8059729337692261
2,< img src= '' http : //__d__banh.vnstyles/red_v__d___home/smilies/new_smiles/__d__.jpg '' class= '' mcesmilie '' alt= '' winner __d__ do voi nong sung uy luc den tu thuong hieu stb '' title= '' __d__ :__d__ : '' >,0.9804454445838928
1,"< div > < div class= '' smallfont '' > quote : < /div > < table cellpadding= '' __d__ '' cellspacing= '' __d__ '' border= '' __d__ '' width= '' __d__ % '' class= '' voz-bbcode-quote '' > < tbody > < tr > < td class= '' alt__d__ '' > < b > tto - lợi dụng chức vụ được giao , ông thi danh chỉ đạo cấp dưới lập thu chi khống , chiếm đoạt hơn __d__ tỉ đồng tiền bồi thường các dự án trên địa bàn quận tân phú , tp.hcm. < br > <",0.999976634979248
2,"< div class= '' bbcodeblock bbcodequote '' > < div class= '' attribution type '' > vietbac__d__ đã viết : < a class= '' attributionlink '' > ↑ < /a > < /div > < blockquote class= '' quotecontainer '' > < div class= '' quote '' > sao lại vứt ah bác , ctg đây. < br > < img src= '' http : //imgf__d__.vcmedia.vn/images/__d__/__d__/__d__/__d___fc__d__a__d__fa__d__ead__d__f__d__c__d__bc__d__b__d__.jpg '' class= '' bbcodeimage lbimage '' alt= '' [ ​img ] '' > < /div > < div class= '' quoteexpand '' > xem tất cả < /div > < /blockquote > < /div",1.0
1,"< div class= '' summary cms-desc '' > < div > ( đtck ) có nhiều cánh cửa giúp các doanh nghiệp tìm vốn trong quá trình kinh doanh , nhưng với các doanh nghiệp hoạt động theo mô hình tập đoàn - chỉ có hoạt động đầu tư , quản lý phần vốn góp vào các công ty con , công ty thành viên thì làm thế nào để gọi được vốn ? < /div > < /div > < div id= '' abody '' class= '' cms-body '' > < p > < span > làm cách nào",0.8150671124458313
2,đây ạ. các cụ có j cứ alo e __d__ < br > < br > < img src= '' https : //img.otofun.net/upload/v__d__/__d__/__d__/__d__/__d__-__d__-image-xklt__d__xszwtxfgdh__d__qsko.jpeg '' class= '' bbcodeimage lbimage '' alt= '' [ ​img ] '' > < div class= '' messagetextendmarker '' > < /div >,0.9998297691345215
2,chết rồi lại bị kiêjn à < div class= '' messagetextendmarker '' > < /div >,0.8608878254890442
2,< div > < div class= '' smallfont '' > quote : < /div > < table cellpadding= '' __d__ '' cellspacing= '' __d__ '' border= '' __d__ '' width= '' __d__ % '' class= '' voz-bbcode-quote '' > < tbody > < tr > < td class= '' alt__d__ '' > < div > originally posted by < strong > miruki < /strong > < a rel= '' nofollow '' > < img class= '' inlineimg '' src= '' http : //forums.voz.vnimages/buttons/viewpost.gif '' border= '' __d__ '' alt= '' view post '' > < /a > < /div >,1.0
1,"< p class= '' leadb '' > tỷ giá ngoại tệ ngày __d__/__d__ tiếp tục tăng khi căng thẳng giữa mỹ và trung quốc ngày càng kéo dài. < /p > < div > < img border= '' __d__ '' src= '' http : //www.xaluan.com/images/news/image/__d__/__d__/__d__/__d__b__d__dfeababbe.img.jpg '' alt= '' tỷ giá ngoại tệ ngày __d__/__d__ : usd tăng , ndt xuống đáy __d__ tháng '' class= '' headimg '' > < br > < i > ảnh minh họa < /i > < /div > < div class= '' yomeinread '' id= '' contentdivide '' > < /div > < p",0.999180018901825
1,"vov.vn -giá usd trong nước sáng nay bật tăng trong khi usd index thế giới vẫn giảm. < br > < div id= '' adasia '' > < /div > < p > ngân hàng nhà nước ( nhnn ) sáng nay ( __d__/__d__ ) niêm yết tỷ giá trung tâm vnd/usd ở mức __d__.__d__ đồng/usd , tăng __d__ đồng. < /p > < p > với biên độ +/-__d__ % đang được áp dụng , < strong > < a rel= '' '' > tỷ giá < /a > < /strong > trần mà các ngân hàng áp dụng",0.8782865405082703
1,"< span > bizlive - < /span > về cuối phiên , áp lực chốt lời từ nhóm ngân hàng lại diễn ra đồng loạt khiến cho thành quả tăng điểm của phiên sáng bị ảnh hưởng đáng kể . < div class= '' social '' > < div > < a class= '' zshare-zalo zalo-share-button '' > < span class= '' zshare-label '' > chia sẻ < /span > < /a > < div class= '' fb-send '' > < /div > < div class= '' fb-like '' > < /div > < /div > < div > <",0.5608755350112915
2,"tiếc là chỉ có thái , ko có việt < br > < br > < img src= '' https : //img.otofun.net/upload/v__d__/__d__/__d__/__d__/__d__-__d__-img-__d__-__d__-teiostjolcwoyz__d__b__d__fw.jpg '' class= '' bbcodeimage lbimage '' alt= '' [ ​img ] '' > < br > < br > < br > < img src= '' https : //img.otofun.net/upload/v__d__/__d__/__d__/__d__/__d__-__d__-img-__d__-__d__-zqfrkumami__d__tdwx__d__cnc.jpg '' class= '' bbcodeimage lbimage '' alt= '' [ ​img ] '' > < br > < br > < br > < img src= '' https : //img.otofun.net/upload/v__d__/__d__/__d__/__d__/__d__-__d__-img-__d__-__d__-yh__d__wpaij_oivn__d__m__d__ogqy.jpg '' class= '' bbcodeimage lbimage '' alt= '' [ ​img ] '' > < br > < br > <",1.0
1,"< strong > ngày __d__/__d__ , nhiều người dân tại hà nội đã phản ánh không thể rút được tiền tại các cây atm của nhiều ngân hàng thương mại. < /strong > < br > < img src= '' https : //photo-__d__-baomoi.zadn.vn/__d_____d_____d_____d_____d__/__d__d__d__aba__d__ea__d__bb__d__fb.jpg '' width= '' __d__ '' alt= '' nhiều ngân hàng thương mại bị lỗi hệ thống ảnh __d__ '' title= '' nhiều ngân hàng thương mại bị lỗi hệ thống ảnh __d__ '' > < p class= '' wp-caption-text '' > một cây rút tiền atm của vietcombank . ảnh : ttxvn < /p > < br",0.9104596376419067
2,< div class= '' bbcodeblock bbcodequote '' > < div class= '' attribution type '' > ngankim đã viết : < a class= '' attributionlink '' > ↑ < /a > < /div > < blockquote class= '' quotecontainer '' > < div class= '' quote '' > anh vietin giỏi còn em là điếc không sợ súng . < img src= '' http : //f__d__.comstyles/yahoo/__d__.gif '' class= '' mcesmilie '' alt= '' : d '' title= '' big green : d '' > < img src= '' http : //f__d__.comstyles/yahoo/__d__.gif '' class= '' mcesmilie '' alt= '' : (,1.0
1,"< div class= '' summary cms-desc '' > < div > ( đtck ) trong khi giá vàng thế giới phiên đêm qua đã bật tăng trở lại nhờ đồng usd đi xuống , sau khi dự báo tăng trưởng toàn cầu năm tới sẽ yếu đi thì giá vàng sjc trong nước mở cửa sáng nay lại chưa có thay đổi nào so với chiều hôm qua. < /div > < /div > < div id= '' abody '' class= '' cms-body '' > < p > cụ thể , sau khi giảm __d__.__d__ đồng/lượng trong ngày hôm qua",0.801669716835022
2,"< div class= '' bbcodeblock bbcodequote '' > < div class= '' attribution type '' > bentley-__d__ đã viết : < a class= '' attributionlink '' > ↑ < /a > < /div > < blockquote class= '' quotecontainer '' > < div class= '' quote '' > < span > < span > < đừng để __d__ năm sau lại nói về pan như bên dưới các bác nhé > < /span > < /span > < br > < span > < span > thỉnh thoảng , chúng ta vẫn nghe một vài nhà đầu tư chứng khoán",0.9997264742851257
2,stk : nguyễn văn duy : __d__ vietcombank chi nhánh thành công . hà nội . < div class= '' messagetextendmarker '' > < /div >,0.8532586693763733
1,"< img src= '' http : //cafefcdn.com/thumb_w/__d__/__d__/__d__/__d__/screenshot__d__-__d__-crop-__d__.png '' alt= '' '' width= '' __d__ '' height= '' __d__ '' > < br > cho đến nay , số liệu về tỷ lệ an toàn vốn do nhnn chính thức công bố mới chỉ cập nhật đến cuối tháng __d__/__d__ , theo đó , tỷ lệ an toàn vốn tối thiểu của toàn hệ thống đứng ở mức __d__,__d__ % , trong đó khối nhtm nhà nước là __d__,__d__ % còn khối nhtmcp là __d__,__d__ % , đều giảm so với cuối năm __d__ . < br > < br >",0.8569130301475525
2,có tin gì mà khựa nó tăng __d__.__d__ % ae nhỉ ! < img src= '' http : //f__d__.comstyles/yahoo/__d__.gif '' class= '' mcesmilie '' alt= '' : d '' title= '' big green : d '' > < br > < a class= '' externallink '' rel= '' nofollow '' > https : //www.investing.com/indices/shanghai-composite < /a >,0.9998372793197632
2,không biết có bản yên đơn chính hãng không nhỉ ? < div class= '' messagetextendmarker '' > < /div >,0.9393118619918823
2,< div class= '' bbcode_container '' > < div class= '' bbcode_quote '' > < div class= '' quote_container '' > < div class= '' bbcode_quote_container '' > < /div > < div class= '' bbcode_postedby '' > < img src= '' https : //img.webtretho.com/forum/images/misc/quote_icon.png '' alt= '' trích dẫn '' > nguyên văn bởi < strong > thuongconnhieu__d__ < /strong > < a rel= '' nofollow '' > < img class= '' inlineimg '' src= '' https : //img.webtretho.com/forum/images/wtt_v__d__/buttons/viewpost-right.png '' alt= '' xem bài viết '' > < /a > < /div > < div class= '' message '',1.0
1,< p > < img class= '' img-responsive cms-photo '' src= '' http : //image.sggp.org.vn/w__d__/uploaded/__d__/chukplu/__d_____d_____d__/benh-nhan-giao-luu-van-nghe_lpqa.jpg '' alt= '' bệnh nhân giao lưu văn nghệ cùng các bạn trẻ '' title= '' mang xuân đến cho bệnh nhân ung thư '' > < /p > < p class= '' text-muted text-center '' > < i > bệnh nhân giao lưu văn nghệ cùng các bạn trẻ < /i > < /p > < br > < div > < div class= '' full-img '' > < img src= '' http : //image.sggp.org.vn/w__d__/uploaded/__d__/chukplu/__d_____d_____d__/img__d__nkba_ropa.jpg '' alt= '' mang xuân đến cho bệnh nhân,0.9999955892562866
1,"vàng bị đẩy lùi khỏi mốc __d__.__d__ usd/ounce . nếu so với cùng giờ sáng qua , kim loại quý đã mất khoảng __d__ usd/ounce . < br > < div class= '' icosocial txtrt flrt clf '' > < a class= '' icosocialcm '' title= '' chia sẻ trên fanpage '' > < img src= '' https : //static.__d__h.com.vn/images/__d__/icon___d__h___d__.png '' alt= '' chia sẻ trên fanpage '' > < /a > < a class= '' icosocialcm '' title= '' chia sẻ bài viết này trên facebook '' > < img src= '' https : //static.__d__h.com.vn/images/__d__/icon_fb__d_____d__.png '' alt= '' chia",0.9999490976333618
2,< div class= '' bbcodeblock bbcodequote '' > < div class= '' attribution type '' > < i class= '' fa fa-quote-left '' > < /i > cyber__d__ nói : < a class= '' attributionlink '' > ↑ < /a > < /div > < blockquote class= '' quotecontainer '' > < div class= '' quote '' > cụ báo em giá mấy con điều hoà pana-daikin __d__k ngon nhé. < /div > < div class= '' quoteexpand '' > nhấn vào đây để mở rộng ... < /div > < /blockquote > < /div > pana pu__d__tkh __d__ chiều,0.9999997615814209
1,"< div class= '' w__d__ intro_detail fl '' > do có sự thay đổi về số lượng các đội bóng nên bảng đấu và lịch thi đấu vòng loại press cup __d__ khu vực phía bắc có sự điều chỉnh . < /div > < p > theo kết quả bốc thăm chia bảng lần __d__ , ban tổ chức press cup __d__ đã phân chia bảng đấu , lịch thi đấu vòng loại cho các đội tại khu vực phía bắc. < /p > < img src= '' https : //media.ex-cdn.com/exp/media.giadinhvietnam.com/files/content/__d__/__d__/__d__/lich-thi-dau__d__-__d__.jpg '' alt= '' empty '' width= '' __d__",0.7801972031593323
2,"< div class= '' bbcodeblock bbcodequote '' > < div class= '' attribution type '' > ada__d__ đã viết : < a class= '' attributionlink '' > ↑ < /a > < /div > < blockquote class= '' quotecontainer '' > < div class= '' quote '' > theo quan điểm cá nhân của tôi thấy , < br > < br > trước tiên htn là doanh nghiệp mới lên sàn vào __d__/__d__/__d__ nên chưa được mọi người để ý nhiều , hơn nữa nó cũng chưa được cấp margin < br > < br > mặt khác trên",0.9995966553688049
2,"< div class= '' bbcodeblock bbcodequote '' > < div class= '' attribution type '' > anhtom__d__ nói : < a class= '' attributionlink '' > ↑ < /a > < /div > < blockquote class= '' quotecontainer '' > < div class= '' quote '' > nếu mẹ nó chọn moony thì nên yên tâm vì moony có thiết kế co giãn __d__ độ tinh tế , ngăn chống tràn và lõi bông thoáng khí , mềm mịn . các bé càng vận đông nhiều thì < /div > < div class= '' quoteexpand '' > click to expand",0.9999827146530151
2,"< img src= '' https : //media.tripnow.vn/images/__d_____d_____d___n.jpg '' border= '' __d__ '' alt= '' '' > < br > < br > tôi tin em , xin quí báo liên hệ giúp để nhờ em ấy dẫn tôi đi du lịch cùng",0.969950795173645
2,"vision đi bạn , chiếc kia để dân nhà giàu đi . < div class= '' messagetextendmarker '' > < /div >",0.8869897723197937
2,"mình đang dùng lg . mỗi tháng trả __d__,__d__ tiền điện . bình thường , chạy kêu hơi to < div class= '' messagetextendmarker '' > < /div >",0.5272321701049805
2,"< div class= '' bbcodeblock bbcodequote '' > < div class= '' attribution type '' > phapvan nói : < a class= '' attributionlink '' > ↑ < /a > < /div > < blockquote class= '' quotecontainer '' > < div class= '' quote '' > mẹ phuongnga__d__ ơi , bé output nếu như mẹ nói cũng bình thường không sao cả nếu như màu phân , tình trạng phân vẫn bình thường , còn thấy bất thường nên cho con đi khám . nếu bé bình thường mà mẹ vẫn không yên tâm thì cho con uống friso",0.9998107552528381
2,< div class= '' bbcodeblock bbcodequote '' > < div class= '' attribution type '' > vinhloc__d__ đã viết : < a class= '' attributionlink '' > ↑ < /a > < /div > < blockquote class= '' quotecontainer '' > < div class= '' quote '' > hãy để ý sắp tới vpb sẽ ipo còn gi nhé < /div > < div class= '' quoteexpand '' > xem tất cả < /div > < /blockquote > < /div > con mik group chứ con gì . đnag làm báo cáo tài chính toét mông đây,0.999982476234436
2,< div > < div class= '' smallfont '' > quote : < /div > < table cellpadding= '' __d__ '' cellspacing= '' __d__ '' border= '' __d__ '' width= '' __d__ % '' class= '' voz-bbcode-quote '' > < tbody > < tr > < td class= '' alt__d__ '' > < div > originally posted by < strong > leo__d__cm < /strong > < a rel= '' nofollow '' > < img class= '' inlineimg '' src= '' http : //vozforums.comimages/buttons/viewpost.gif '' border= '' __d__ '' alt= '' view post '' > < /a > < /div >,1.0
2,< div class= '' bbcodeblock bbcodequote '' > < div class= '' attribution type '' > vuyền nói : < a class= '' attributionlink '' > ↑ < /a > < /div > < blockquote class= '' quotecontainer '' > < div class= '' quote '' > nói tào lao cũng thấy vui anh nhỉ. < /div > < div class= '' quoteexpand '' > click to expand ... < /div > < /blockquote > < /div > chú đi đăng ký tạm trú chưa . không là a vượng cắt thẻ cư dân chú đấy nhá .,0.9999915361404419
1,"< img class= '' logo-small '' title= '' '' src= '' https : //vnn-imgs-f.vgcloud.vn/logo.gif '' alt= '' '' > < span class= '' bold '' > đây mới chỉ là __d__ cái tên tiêu biểu trong tổng số __d__ đơn vị , cá nhân vừa được vinh danh tại lễ trao giải thưởng công nghệ số việt nam __d__. < /span > < br > < span class= '' bold '' > < a > nhân tài đất việt __d__ : sức mạnh công nghệ số , đón đầu cách mạng __d__.__d__ < /a > < /span > < br",0.9989922642707825
2,< div class= '' bbcodeblock bbcodequote '' > < div class= '' attribution type '' > emiuoto nói : < a class= '' attributionlink '' > ↑ < /a > < /div > < blockquote class= '' quotecontainer '' > < div class= '' quote '' > căn __d__ phòng ngủ còn không bác ? < /div > < div class= '' quoteexpand '' > click to expand ... < /div > < /blockquote > < /div > chỉ còn __d__-__d__ pn hàng cđt thôi bác < br > hoặc bác cần thì có hàng chuyển nhượng,0.9999825954437256
2,"< a class= '' username author bdposttree_replyposter '' dir= '' auto '' > mig__d__f < /a > < div class= '' bdposttree_parentquote hash-__d__aceeb__d__b__d__e__d__fbd__d__c__d__e__d__d__d__fa '' > < div class= '' bbcodeblock bbcodequote '' > < div class= '' attribution type '' > adagioleonard đã nói : < a class= '' attributionlink '' > ↑ < /a > < /div > < blockquote class= '' quotecontainer '' > < div class= '' quote '' > $ __d__ - __d__,__d__tr . đắt vãi chuối. < /div > < div class= '' quoteexpand '' > bấm để mở rộng ... < /div > <",1.0
2,"< center > < div > < div class= '' gooogleads_smallsize '' > < a > < img src= '' https : //__d__.bp.blogspot.com/-uw__d__mdi__d__smto/wgwuffbkcji/aaaaaaabcdw/o__d__gdldnysgslmrrhrnkbnk__d__wclzkaxaqclcbgas/s__d__/banner-__d__.gif '' > < /a > < /div > < div class= '' gooogleads_largesize '' > < a > < img src= '' https : //__d__.bp.blogspot.com/-dyw__d__lk__d__wbby/wgwufesk-__d__i/aaaaaaabcds/__d__mefdlx__d__nky__d__aob__d__ucrbw__d__dlahhpi__d__yaclcbgas/s__d__/banner-__d__.gif '' > < /a > < /div > < /div > < /center > t còn __d__ túi __d__.__d__ lạng nữa nhé , mn ủng hộ t nốt đi t fs cho nha ! < div class= '' messagetextendmarker '' > < /div >",0.9999971389770508
2,"< b > thấy báo đăng đang thanh tra đất dự án cua đất xanh , k khéo ... < img src= '' http : //f__d__.comstyles/yahoo/__d__.gif '' class= '' mcesmilie '' alt= '' @ - ) '' title= '' hypnotized @ - ) '' > < img src= '' http : //f__d__.comstyles/yahoo/__d__.gif '' class= '' mcesmilie '' alt= '' @ - ) '' title= '' hypnotized @ - ) '' > < img src= '' http : //f__d__.comstyles/yahoo/__d__.gif '' class= '' mcesmilie '' alt= '' @ - ) '' title= '' hypnotized @ - ) '' > < /b >",1.0
2,cho hoi tu lanh lg __d__ lit co giam gia ko,0.7895906567573547
2,< div > < div class= '' smallfont '' > quote : < /div > < table cellpadding= '' __d__ '' cellspacing= '' __d__ '' border= '' __d__ '' width= '' __d__ % '' class= '' voz-bbcode-quote '' > < tbody > < tr > < td class= '' alt__d__ '' > < div > originally posted by < strong > itto__d__k__d__ < /strong > < a rel= '' nofollow '' > < img class= '' inlineimg '' src= '' http : //forums.voz.vnimages/buttons/viewpost.gif '' border= '' __d__ '' alt= '' view post '' > < /a > < /div >,1.0
2,"tiêu chí thế nào nhỉ ? ko có thằng táo hoặc cocacola thì hơi khó hiểu , lego lại đứng thứ __d__ ? < img src= '' http : //vozforums.com/images/smilies/off/doubt.gif '' border= '' __d__ '' alt= '' '' title= '' doubt '' class= '' inlineimg '' >",0.9296812415122986
1,"< div > < img src= '' //image__d__.tin__d__.com/pictures/__d__/__d__/__d__/aau__d__.jpg '' alt= '' ngân hàng cấp tập thêm dịch vụ kiểm tra sổ tiết kiệm sau vụ mất __d__ tỷ '' > < p > hàng loạt vụ khách hàng báo mất tiền sau khi đã gửi vào ngân hàng gần đây . ảnh : anh quân. < /p > < /div > < div class= '' text '' > < div > < div > sau hàng loạt vụ tiền gửi tiết kiệm `` bốc hơi '' , nhiều ngân hàng đã ồ ạt tung ra thêm tiện ích kiểm tra",0.7009260058403015
2,< div class= '' bbcodeblock bbcodequote '' > < div class= '' attribution type '' > < i class= '' fa fa-quote-left '' > < /i > meta__d__ nói : < a class= '' attributionlink '' > ↑ < /a > < /div > < blockquote class= '' quotecontainer '' > < div class= '' quote '' > timo là một dạng dịch vụ ngân hàng số của vp bank nhưng có vẻ như thử nghiệm . giờ vp nó ra dịch vu ngân hàng số mới yolo có khi nó muộn dập timo đi chăng. < /div > <,0.9999862909317017
2,"ông anh mới xúc con dylan cũ zin __d__k đô < br > hỏi sao chơi thế , ổng bảo ước mơ ngày xưa của ông < img src= '' http : //forums.voz.vn/images/smilies/off/byebye.gif '' border= '' __d__ '' alt= '' '' title= '' byebye '' class= '' inlineimg '' > cũng đầu __d__x rồi nên quẩy thôi < img src= '' http : //forums.voz.vnimages/smilies/brick.png '' border= '' __d__ '' alt= '' '' title= '' brick '' class= '' inlineimg '' > < br > < br > < i > được gửi từ iphone __d__ plus - < a >",0.9986791014671326
2,< div > < div class= '' smallfont '' > quote : < /div > < table cellpadding= '' __d__ '' cellspacing= '' __d__ '' border= '' __d__ '' width= '' __d__ % '' class= '' voz-bbcode-quote '' > < tbody > < tr > < td class= '' alt__d__ '' > < div > originally posted by < strong > eden__d__ < /strong > < a rel= '' nofollow '' > < img class= '' inlineimg '' src= '' http : //vozforums.comimages/buttons/viewpost.gif '' border= '' __d__ '' alt= '' view post '' > < /a > < /div >,1.0
2,"< div class= '' bbcodeblock bbcodequote '' > < div class= '' attribution type '' > locphatnguyen nói : < a class= '' attributionlink '' > ↑ < /a > < /div > < blockquote class= '' quotecontainer '' > < div class= '' quote '' > đúng dồi , chứ tồ lô cái dề < img src= '' http : //otosaigon.comstyles/default/xenforo/clear.png '' class= '' mcesmiliesprite mcesmilie__d__ '' alt= '' : d '' title= '' big grin : d '' > , mình bị bọn thuế nắm cán , một đồng cũng không bớt nên mình ức < /div >",0.9999996423721313
1,"các chuyên gia cho rằng , việc tỷ giá tăng trong quý vừa qua là do bị ảnh hưởng bởi cả yếu tố bên ngoài và nội tại nền kinh tế . < br > < p class= '' body-image '' > < img src= '' https : //baomoi-photo-__d__-td.zadn.vn/w__d___r__d__/__d__/__d__/__d__/__d__/__d__/__d_____d__.jpg '' > < /p > < p class= '' body-text '' > ảnh minh họa. < /p > < p class= '' body-text '' > < strong > tỷ giá rục rịch tăng , sức ép lên vnd có lớn ? < /strong > < /p > < p class= ''",0.9974834322929382
1,"nghi phạm khai nhận nguyên nhân vụ thảm án là do chị đinh thị ngọc ngân có ý định chia tay với hắn . < br > < p class= '' body-image '' > < img src= '' https : //baomoi-photo-__d__-td.zadn.vn/w__d___r__d__/__d__/__d__/__d__/__d__/__d__/__d_____d__.jpg '' > < /p > < p class= '' body-text '' > < em > __d__ . vụ thảm án ở tiền giang : trưa __d__/__d__ , lãnh đạo phòng cảnh sát hình sự - công an tỉnh tiền giang cho biết , vừa bắt nguyễn đăng khoa ( ảnh ) , __d__ tuổi , quê ở xã tân",0.9598260521888733
1,"< div class= '' summary cms-desc '' > < div > ( đtck ) dù thị trường duy trì đà tăng , nhưng sự thận trọng của nhà đầu tư khiến thanh khoản thị trường khá èo uột trong phiên giao dịch sáng nay ( __d__/__d__ ) . < /div > < /div > < div id= '' abody '' class= '' cms-body '' > < p > trong phiên ngày hôm qua , vn-index mở cửa trong sắc xanh , đà tăng càng được nới rộng với sự hoạt động khá tích cực của dòng tiền , giúp vn-index",0.7651134133338928
1,< p > < strong > lùi thời hạn thông qua dự án luật về đặc khu < /strong > < /p > < table class= '' content_image '' > < tbody > < tr > < td > < img src= '' http : //image.toquoc.vn/w__d__/uploaded/quynhanh/__d_____d_____d__/__d___dac_khu_van_don_tuyy.jpg '' alt= '' lùi thời hạn thông qua dự án luật về đặc khu ; tin sốc về ông trần bắc hà khiến cố phiếu bidv mất giá - ảnh __d__ '' class= '' cms-photo '' > < span class= '' note_images cms-photo-caption '' > ảnh minh hoạ . nguyễn hoàng hà < br,0.9996843338012695
1,"đề nghị phạt phạm công danh __d__ năm tù , trầm bê __d__-__d__ năm tù < br > ( < a class= '' link_cat '' title= '' pháp luật '' > pháp luật < /a > ) - < strong > sau __d__ ngày nghỉ , đại diện cơ quan công tố đã đề nghị mức án __d__ năm tù đối với bị cáo phạm công danh , __d__-__d__ năm tù với bị cáo trầm bê. < /strong > < span id= '' more-__d__ '' > < /span > sáng __d__/__d__ , sau __d__ tuần xét hỏi , phiên tòa",0.8775824308395386
2,"< div class= '' bbcodeblock bbcodequote '' > < div class= '' attribution type '' > < i class= '' fa fa-quote-left '' > < /i > qaz nói : < a class= '' attributionlink '' > ↑ < /a > < /div > < blockquote class= '' quotecontainer '' > < div class= '' quote '' > không phải là vô căn cứ đâu lão ạ , ví dụ nhỡn tiền là mấy vụ gđcn mới lại trưởng pgd ôm tiền bùng mất , bà con không biết đòi ai . nôm na có thể nói mỗi pgd như",0.9999775886535645
1,"đó là thông tin được đại diện bộ công an đưa ra tại cuộc họp báo chính phủ thường kỳ được tổ chức cuối giờ chiều __d__/__d__ . < br > < p class= '' body-image '' > < img src= '' https : //photo-__d__-baomoi.zadn.vn/w__d___r__d__/__d_____d_____d_____d_____d__/c__d__ad__d__c__d__.jpg '' > < /p > < p class= '' body-text image-caption '' > < em > ông trần bắc hà . ảnh minh họa < /em > < /p > < p class= '' body-text '' > theo đó , tại cuộc họp báo trên , phóng viên đã đặt câu hỏi về việc ông",0.9854570031166077
1,"đó là trường hợp của ctcp nông nghiệp quốc tế hoàng anh gia lai ( hagl agrico ; mã chứng khoán : hng ) . < br > < p class= '' body-image '' > < img src= '' //baomoi-photo-__d__-td.zadn.vn/w__d___r__d__m/__d__/__d__/__d__/__d__/__d__/__d_____d__.jpg '' alt= '' chào bán riêng lẻ __d__,__d__ triệu cổ phiếu , thu về __d__ đồng - ảnh __d__ '' > < /p > < p class= '' body-text '' > < em > hagl agrico và hagl đang tích cực tái cấu trúc nợ . ( ảnh : internet ) < /em > < /p > < p class=",0.9891652464866638
2,gop __d__ % có kèm trợ giá ko < div class= '' messagetextendmarker '' > < /div >,0.9323741793632507
2,< div class= '' bbcodeblock bbcodequote '' > < div class= '' attribution type '' > lêquân art nói : < a class= '' attributionlink '' > ↑ < /a > < /div > < blockquote class= '' quotecontainer '' > < div class= '' quote '' > nên tẩy chay tv toshiba thuần tàu __d__ % .sony còn tạm được khi chỉ taiwan __d__ % < /div > < div class= '' quoteexpand '' > click to expand ... < /div > < /blockquote > < /div > em cũng nghe nói vụ toshiba bán nhà máy sản xuất,0.9999808073043823
1,"< h__d__ class= '' sapo '' > bp - tại trường tiểu học lộc thái a , huyện đoàn lộc ninh phối hợp công ty xe máy honda hưng phát vừa tổ chức ngày hội “ thiếu nhi với an toàn giao thông ” cho trên __d__ thiếu nhi tại trường. < /h__d__ > < p class= '' hinh '' > < img alt= '' '' src= '' http : //baobinhphuoc.com.vn/content/uploadfiles/editorfiles/images/__d__/quy__d__/__d__n__d__.jpg '' > < /p > < p > < span > < span > < span > với chủ đề “ an toàn giao thông cho nụ cười trẻ",0.8824379444122314
2,chụp dìm hàng quá < div class= '' messagetextendmarker '' > < /div >,0.9267690181732178
1,"< h__d__ id= '' plhmain_newsdetail__d___divsapolive '' class= '' sapo '' > phiên đầu tuần ngày __d__/__d__ , vàng trong nước có những diễn biến tích cực . ngân hàng nhà nước cũng tăng giá bán usd . < /h__d__ > < div id= '' plhmain_newsdetail__d___divcontentlive '' class= '' boxdetail '' > < div id= '' divfirst '' > < div > < img alt= '' chú thích ảnh '' src= '' https : //cdnmedia.baotintuc.vn/upload/cl__d__u__d__kkmf__d__frzawokbqa/files/__d__/__d__/vang__d__.jpg '' > thời điểm trước thềm giáng sinh , người dân lựa chọn mua vàng làm quà . ảnh minh họa : nguồn internet . <",0.9954820871353149
2,< a class= '' username author bdposttree_replyposter '' dir= '' auto '' > sfvnthanh < /a > < div class= '' bdposttree_parentquote hash-d__d__c__d__bb__d__da__d__e__d__c__d__cc__d__ '' > < div class= '' bbcodeblock bbcodequote '' > < div class= '' attribution type '' > dong ho the ky đã nói : < a class= '' attributionlink '' > ↑ < /a > < /div > < blockquote class= '' quotecontainer '' > < div class= '' quote '' > gặp nồi cơm hàn vứt miah đi cho xong . tuổi gì sánh hàng nhật < /div > < div class= '' quoteexpand '',1.0
2,thêm tí review của anh hùng lâm < img src= '' http : //vozforums.com/images/smilies/off/beauty.gif '' border= '' __d__ '' alt= '' '' title= '' beauty '' class= '' inlineimg '' > < br > < a > https : //www.youtube.com/watch ? v=__d__s__d__felk__d__mvm < /a >,0.999420166015625
2,"< div class= '' bbcodeblock bbcodequote '' > < div class= '' attribution type '' > < i class= '' fa fa-quote-left '' > < /i > patriots nói : < a class= '' attributionlink '' > ↑ < /a > < /div > < blockquote class= '' quotecontainer '' > < div class= '' quote '' > đọc cái lùm xùm này phải nghe hai tai đâu là thông tin đúng và chính xác , cụ nào thử liệt kê cho cháu xem < br > __d__- sữa học đường theo bài thầu là tươi hay < br >",0.9999837875366211
2,thật bất ngờ khi ex lại đứng đầu về tiêu hao nhiên liệu < img src= '' http : //tinhte.vnstyles/default/xenforo/clear.png '' class= '' mcesmiliesprite mcesmilie__d__ '' alt= '' : d '' title= '' big grin : d '' > < div class= '' messagetextendmarker '' > < /div >,0.9873140454292297
1,"< p class= '' leada '' > giá vàng trong nước ít biến động trong phiên mở cửa sáng nay ( __d__/__d__ ) . tuy vậy , tỷ giá usd đang có dấu hiệu tăng nhiệt. < /p > < div > < img border= '' __d__ '' src= '' http : //www.xaluan.com/images/news/image/__d__/__d__/__d__/__d__ba__d__b__d__e__d__a__d__a.img.jpg '' alt= '' khách hàng đang giao dịch vàng miếng '' class= '' headimg '' > < br > < i > khách hàng đang giao dịch vàng miếng < /i > < /div > < div class= '' yomeinread '' id= '' contentdivide '' > <",0.9976446032524109
1,"< span class= '' vb_gioi_thieu '' > tại thị trường trong nước , nhiều ngân hàng thương mại sáng nay niêm yết giá mua - bán usd biến động nhẹ so với hôm qua. < /span > < br > < span class= '' vb_noi_dung '' > ngân hàng nhà nước ( nhnn ) sáng nay ( __d__/__d__ ) niêm yết tỷ giá trung tâm vnd/usd ở mức __d__.__d__ đồng/usd , tăng __d__ đồng so với phiên hôm qua. < br > < br > với biên độ +/-__d__ % đang được áp dụng , tỷ giá trần mà các",0.7941824793815613
1,"câu chuyện syria tiếp tục chi phối các thị trường chứng khoán châu á ; trong đó không loại trừ thị trường chứng khoán việt nam . nhà đầu tư trở nên dè dặt ... < br > < div class= '' cms-body adasia '' > < div class= '' article-photo '' > < img alt= '' chứng khoán sáng __d__/__d__ : nhà đầu tư thận trọng , vn-index vẫn giảm sâu - ảnh __d__ '' title= '' chứng khoán sáng __d__/__d__ : nhà đầu tư thận trọng , vn-index vẫn giảm sâu - ảnh __d__ '' src= '' https",0.9729940891265869
2,< div class= '' bbcodeblock bbcodequote '' > < div class= '' attribution type '' > < i class= '' fa fa-quote-left '' > < /i > ceiling nói : < a class= '' attributionlink '' > ↑ < /a > < /div > < blockquote class= '' quotecontainer '' > < div class= '' quote '' > ngân hàng vn thì __d__ % tính trên dư nợ mà . hsbc cũng vậy thôi . nó chỉ gài vài sản phẩm `` ưu đãi khủng '' để dính bẫy thôi . đặc biệt không nhắc nhở kh nhe. < /div,0.9999940395355225
1,< div class= '' __mb_mastercms_el '' id= '' __mb_mastercms_el___d__ '' > < table align= '' center '' border= '' __d__ '' cellpadding= '' __d__ '' cellspacing= '' __d__ '' class= '' mastercms_tpl_table '' > < tbody > < tr > < td > < img alt= '' shares extend losses despite foreign net buying '' border= '' __d__/ '' class= '' __img_mastercms '' src= '' https : //www.vir.com.vn/stores/news_dataimages/hung/__d__/__d__/__d__/in_article/shares-extend-losses-despite-foreign-net-buying.jpg '' title= '' shares extend losses despite foreign net buying '' > < /td > < /tr > < tr > < td > shares of sabeco dropped __d__.__d__ per cent on,0.9999998807907104
2,< div class= '' bbcodeblock bbcodequote '' > < div class= '' attribution type '' > < i class= '' fa fa-quote-left '' > < /i > nicholas__d__ nói : < a class= '' attributionlink '' > ↑ < /a > < /div > < blockquote class= '' quotecontainer '' > < div class= '' quote '' > cháu định đổi e __d__ bánh cho gấu mà nhờ các cụ tư vấn có nên chờ cái xe điện thần thánh nhà thánh vin ko ? < br > < br > sh mode __d__ củ < br > lead __d__,0.9999871253967285
2,< a class= '' username author bdposttree_replyposter '' dir= '' auto '' > su béo béo < /a > < div class= '' bdposttree_parentquote hash-d__d__a__d__f__d__cb__d__d__d__b__d__a__d__bdced__d__e__d__ '' > < div class= '' bbcodeblock bbcodequote '' > < div class= '' attribution type '' > trendinhmuadong đã nói : < a class= '' attributionlink '' > ↑ < /a > < /div > < blockquote class= '' quotecontainer '' > < div class= '' quote '' > một lít xăng chạy được sáu bảy chục cây hơm ? < /div > < div class= '' quoteexpand '' > bấm để mở rộng,1.0
1,"< b > < a title= '' honda cbr__d__f '' class= '' dnd_xentag_taglink '' > honda cbr__d__f < /a > tuy là mẫu sportbike tầm trung trong phân khúc __d__ phân khối nhưng lại khá được yêu chuộng tại thị trường thái lan , qua tay một biker đến từ thái , chiếc xe càng trở nên lôi cuốn hơn với loạt option hàng hiệu. < br > < /b > < br > < div > < b > < img src= '' https : //s__d__.storage.__d__banh.vn/image/__d__/__d__/ngam-nhin-honda-cbr__d__f-dep-my-man-qua-phu-tung-hang-hieu-__d__-__d__-__d__ac__d__c__d__d__d__.jpg '' class= '' bbcodeimage lbimage '' alt= '' ngam nhin honda cbr__d__f dep",0.9752185940742493
1,< div class= '' boxchuyengiadetail '' > < div class= '' box__d__ '' > < div > < a title= '' ts . châu đình linh '' > < img src= '' http : //cafefcdn.com/zoom/__d_____d__/thumb_w/__d__/__d__/cdl-__d__.jpg '' > < /a > < div class= '' infocg '' > < a title= '' ts . châu đình linh '' > < span class= '' name '' > ts . châu đình linh < /span > < /a > < div class= '' chucdanh '' > giảng viên trường đại học ngân hàng tphcm < /div > < div class= '' thongke '',1.0
1,"< p class= '' leada '' > trong năm __d__ , các ngân hàng thương mại sẽ chuyển đổi __d__ % lượng thẻ atm sang công nghệ thẻ chip , tương đương khoảng __d__ triệu thẻ đang hoạt động . khách hàng không phải chịu thêm chi phí nào và các tổ chức phát hành sẽ là bên chịu chi phí. < /p > < div > < img border= '' __d__ '' src= '' http : //xaluan.com/images/news/image/__d__/__d__/__d__/__d__ce__d__f__d__fc__d__d.img.jpg '' alt= '' khách hàng sẽ không phải mất thêm chi phí khi chuyển đổi sang thẻ chip '' class= '' headimg",0.7981479167938232
1,"< b > lãi suất huy động tại các ngân hàng tiếp tục giảm thêm khoảng __d__,__d__ % /năm ở các kỳ hạn ngắn trước áp lực đầu ra thấp còn thanh khoản của toàn hệ thống dồi dào. < /b > < br > nguồn < a class= '' externallink '' rel= '' nofollow '' > https : //baothitruongkinhte.blogspot.com/__d__/__d__/sao-phai-ban-khoan-gui-tiet-kiem-hay.html < /a > < br > < br > < img src= '' https : //lh__d__.googleusercontent.com/proxy/qobpdj__d__tketsepxlu__d__cjfinrhsawqutrqqjkket__d__qved__d__auiyi__d__yqwqifcrm__d__nvuvwwjdddbvtfk_pr__d__rbxmvr__d__t__d__iimkizach__d__mk__d__hthsi__d__i=s__d__-d '' class= '' bbcodeimage lbimage '' alt= '' [ ​img ] '' > < br > < i > khách hàng giao dịch tại",0.9374253749847412
1,hàng loạt trường buộc thôi học sinh viên được nâng điểm < br > < img class= '' small-pic '' src= '' https : //image.giaoducthoidai.vn/uploaded/thuyvt/__d__-__d__-__d__/__d__/thay__d__-xmaf.jpg ? width=__d__ '' alt= '' cơ quan chức năng đã khởi tố những người cố tình làm sai lệch kết quả kỳ thi thpt quốc gia __d__ . ảnh : it '' border= '' __d__ '' width= '' __d__ '' > < span id= '' ctl__d___maincontent_spanavatardesc__d__ '' class= '' image_desc '' > cơ quan chức năng đã khởi tố những người cố tình làm sai lệch kết quả kỳ thi thpt quốc gia __d__ .,0.9971814155578613
1,< p class= '' t-j '' > < span class= '' bold '' > < img class= '' logo-small '' title= '' '' src= '' https : //images__d__-focus-opensocial.googleusercontent.com/gadgets/proxy ? container=focus & gadget=a & no_expand=__d__ & refresh=__d__ & url=https : //vnn-imgs-f.vgcloud.vn/logo.gif '' alt= '' '' > < a > tỷ giá ngoại tệ < /a > ngày __d__/__d__ diễn biến theo xu hướng đồng usd trên < a title= '' thị trường '' > thị trường < /a > < a title= '' quốc tế '' > quốc tế < /a > bất ngờ quay đầu giảm nhanh sau một quyết,0.9993916749954224
1,"tỷ giá trung tâm giữa vnd và usd được ngân hàng nhà nước công bố sáng __d__/__d__ ở mức __d__.__d__ vnd , giảm __d__ đồng so với cuối tuần qua . < br > < p class= '' body-image '' > < img src= '' https : //baomoi-photo-__d__-td.zadn.vn/w__d___r__d__/__d__/__d__/__d__/__d__/__d__/__d_____d__.jpg '' > < /p > < p class= '' body-text '' > với biên độ +/-__d__ % đang được áp dụng , tỷ giá trần mà các ngân hàng áp dụng hôm nay là __d__.__d__ vnd/usd và tỷ giá sàn là __d__.__d__ vnd/usd. < /p > < p class= '' body-text ''",0.9169511198997498
2,< div class= '' bbcodeblock bbcodequote '' > < div class= '' attribution type '' > chungmottamlong nói : < a class= '' attributionlink '' > ↑ < /a > < /div > < blockquote class= '' quotecontainer '' > < div class= '' quote '' > làm em nao nức chiều nay ra dienmayxanh nghía phát xem < /div > < div class= '' quoteexpand '' > click to expand ... < /div > < /blockquote > < /div > thích thì nhích luôn đi bác ơi . nhà em mới mua hitachi cách đây __d__ năm nên chưa,0.9999626874923706
1,"liệu quan niệm dân gian về `` tuổi hạn '' và `` năm tuổi '' có đúng với các doanh nhân lớn ? < br > < center > < div > < div class= '' node '' id= '' __d__ '' > < iframe width= '' __d__ '' height= '' __d__ '' frameborder= '' __d__ '' marginheight= '' __d__ '' marginwidth= '' __d__ '' id= '' i__d_____d__ '' > < /iframe > < /div > < /div > < /center > < p class= '' node '' id= '' __d__ '' > thứ bảy , ngày __d__/__d__/__d__ __d__:__d__ am",0.9999997615814209
1,"< br > < ul class= '' social-list bsc-clearfix '' > < /ul > < br > < h__d__ > dù số mã giảm đang chiếm ưu thế , nhưng với việc các mã lớn hút mạnh dòng tiền , vn-index tiếp tục bứt tốc để hướng tới vùng đỉnh cũ trước tết __d__.__d__ điểm. < /h__d__ > < p > < img class= '' aligncenter wp-image-__d__ size-full '' src= '' http : //doanhnhanplus.vn/wp-content/uploads/__d__/__d__/xvni_zwdi.jpg.pagespeed.ic.fla__d__apjco.webp '' alt= '' phiên sáng __d__/__d__ '' width= '' __d__ '' height= '' __d__ '' > < /p > < p > trong phiên giao dịch",0.9861518740653992
2,"< div class= '' bbcodeblock bbcodequote '' > < div class= '' attribution type '' > < i class= '' fa fa-quote-left '' > < /i > g__d__online nói : < a class= '' attributionlink '' > ↑ < /a > < /div > < blockquote class= '' quotecontainer '' > < div class= '' quote '' > cháu ké cụ thắt lưng dolce size __d__cm bản __d__.__d__cm nguyên bản , còn mới vì mua nhưng ít đeo ( hàng auth ... __d__.x.tr ) và đôi nike < br > mariah size __d__ new cũng __d__.__d__tr mới oder new nhưng",0.9999746084213257
1,"bên cạnh tặng điểm vinid , khách hàng có giao dịch từ __d__.__d__ đồng còn được tham gia quay số trúng thưởng với giải thưởng mỗi ngày là một smart tv . kinh doanh < br > < div class= '' fck_detail width_common block_ads_connect '' > < p class= '' normal '' > từ nay đến __d__/__d__ , < a title= '' samsung pay '' > samsung pay < /a > phối hợp < a title= '' vingroup '' > vingroup < /a > triển khai chương trình khuyến mại dành cho các chủ thẻ < a title= '' napas",0.8951586484909058
1,< p class= '' leada '' > năm __d__ là năm thứ tư liên tiếp lợi nhuận của habeco sụt giảm. < /p > < div > < img border= '' __d__ '' src= '' http : //www.xaluan.com/images/news/image/__d__/__d__/__d__/__d__c__d__f__d__a__d__f__d__.img.jpg '' alt= '' lợi nhuận habeco tiếp tục giảm '' class= '' headimg '' > < br > < i > ảnh minh họa < /i > < /div > < div class= '' yomeinread '' id= '' contentdivide '' > < /div > < p > báo cáo tài chính quý iv của tổng công ty bia-rượu-nước giải khát hà nội,0.9999932050704956
2,"< div class= '' bbcodeblock bbcodequote '' > < div class= '' attribution type '' > big_hand đã viết : < a class= '' attributionlink '' > ↑ < /a > < /div > < blockquote class= '' quotecontainer '' > < div class= '' quote '' > tất zĩ rồi , vpb mới là mã lồi mồm toác mỏ. < /div > < div class= '' quoteexpand '' > xem tất cả < /div > < /blockquote > < /div > vpb uptrend sóng rất mạnh < img src= '' http : //f__d__.comstyles/yahoo/__d__.gif '' class= '' mcesmilie '' alt=",0.9999998807907104
2,< div class= '' bbcodeblock bbcodequote '' > < div class= '' attribution type '' > < i class= '' fa fa-quote-left '' > < /i > rong ruổi nói : < a class= '' attributionlink '' > ↑ < /a > < /div > < blockquote class= '' quotecontainer '' > < div class= '' quote '' > có gì đâu mà ko được kiểm chứng . chuyện này là chuyện thường ngày ở huyện rồi . bọn bidv hà tây này e lạ gì . nhưng còn đỡ hơn thằng viettinbank hà tây và agribank hà tây. <,0.9999768733978271
2,"< div class= '' bbcodeblock bbcodequote '' > < div class= '' attribution type '' > tieuthittuoi nói : < a class= '' attributionlink '' > ↑ < /a > < /div > < blockquote class= '' quotecontainer '' > < div class= '' quote '' > em đang cho con uống sữa hộp mà bị nóng , khó tiêu tính định đổi sữa cho con mà chưa biết dùng loại nào , có chị mách dùng ovaltine không biết được ko các mom ? < /div > < div class= '' quoteexpand '' > click to expand ... <",0.9999920129776001
2,chủ chốt có làm nên một cú hích không vẫn là vân tay dưới màn hình < div class= '' messagetextendmarker '' > < /div >,0.8216376900672913
2,< div class= '' bbcodeblock bbcodequote '' > < div class= '' attribution type '' > < i class= '' fa fa-quote-left '' > < /i > c.k nói : < a class= '' attributionlink '' > ↑ < /a > < /div > < blockquote class= '' quotecontainer '' > < div class= '' quote '' > nếu cụ cho phép em xin góp với cụ ít ảnh của cung này < /div > < div class= '' quoteexpand '' > nhấn vào đây để mở rộng ... < /div > < /blockquote > < /div > cụ cứ,0.9999996423721313
1,"< span > bizlive - < /span > tính từ đầu tuần , tỷ giá trung tâm đã được điều chỉnh tăng __d__ đồng , tương đương __d__,__d__ % trong khi giá usd tại các ngân hàng thương mại cũng tăng khoảng __d__ đồng , tương đương __d__,__d__ % . < div class= '' social '' > < div > < a class= '' zshare-zalo zalo-share-button '' > < span class= '' zshare-label '' > chia sẻ < /span > < /a > < div class= '' fb-send '' > < /div > < div class= '' fb-like '' >",0.9851077198982239
2,"< div class= '' bbcode_container '' > < div class= '' bbcode_quote '' > < div class= '' quote_container '' > < div class= '' bbcode_quote_container '' > < /div > < div class= '' bbcode_postedby '' > < img src= '' https : //img.webtretho.com/forum/images/misc/quote_icon.png '' alt= '' trích dẫn '' > nguyên văn bởi < strong > smile⌣__d__ < /strong > < /div > < div class= '' message '' > các mẹ nhà mình chăm chỉ lên diễn đàn học hỏi và bổ sung thêm các kiến thức chứ mình nghĩ ở những nơi xa xôi , những",0.9999995231628418
1,"< iframe frameborder= '' __d__ '' marginheight= '' __d__ '' marginwidth= '' __d__ '' width= '' __d__ % '' id= '' detail_iframe_id '' > < /iframe > < br > samsung vừa âm thầm ra mắt hai sản phẩm mới thuộc phân khúc trung cấp , galaxy j__d__+ và j__d__+ trên trang chủ của hãng. < br > với galaxy j__d__+ , sản phẩm có màn hình __d__ inch hd , chip lõi tứ tốc độ __d__,__d__ ghz , với loại chip sử dụng sẽ tùy thuộc vào từng thị trường cụ thể ( dự kiến là snapdragon __d__ ở",0.982572078704834
1,"< img title= '' tỷ giá ngoại tệ ngày __d__/__d__ '' src= '' http : //kienthuc.vn/images/nam___d__/__d__-__d__.jpg '' alt= '' __d__-__d__ '' width= '' __d__ '' height= '' __d__ '' > tỷ giá ngoại tệ ngày __d__/__d__ diễn biến theo xu hướng đồng usd trên thị trường mỹ quay đầu tăng khá nhanh bất chấp nỗi lo về một cuộc chiến thương mại có thể xảy ra. < br > ngày __d__/__d__ , ngân hàng nhà nước công bố tỷ giá trung tâm của đồng việt nam với đô la mỹ ở mức : __d__.__d__ đồng ( không đổi ) .",0.9725976586341858
1,các đô thị vệ tinh của tp.hcm sẽ bay theo quỹ đạo nào để cộng hưởng giá trị cho thành phố trung tâm ? < br > < p class= '' node '' id= '' __d__ '' > chiến lược phát triển đô thị vệ tinh < /p > < center > < table class= '' paper-box node '' id= '' __d__ '' align= '' center '' > < tbody > < tr > < td > < img class= '' paper-img '' alt= '' '' src= '' https : //image.vietstock.vn/__d__/__d__/__d__/do-thi-__d__.jpg '' > < /td > < /tr > <,0.9999935626983643
2,< div class= '' bbcodeblock bbcodequote '' > < div class= '' attribution type '' > < i class= '' fa fa-quote-left '' > < /i > dcmax nói : < a class= '' attributionlink '' > ↑ < /a > < /div > < blockquote class= '' quotecontainer '' > < div class= '' quote '' > thấy bảo tổng chi phí lên cơ phó hết mấy tỏi đấy ko rẻ đâu ạ < img src= '' http : //otofun.netstyles/yahoo/__d__.gif '' class= '' mcesmilie '' alt= '' : d '' title= '' big green : d '' > <,1.0
2,sony hay hết bảo hành là chết panen ạ < div class= '' messagetextendmarker '' > < /div >,0.9660793542861938
2,công trình bên em đã thi công < br > < br > < br > < img src= '' https : //img.otofun.net/upload/v__d__/__d__/__d__/__d__/__d__-__d__-__d__-__d__-__d__-n-igz__d__angvkc__d__duc__d__dzfx.jpg '' class= '' bbcodeimage lbimage '' alt= '' [ ​img ] '' > < div class= '' messagetextendmarker '' > < /div >,0.9999173879623413
2,đm thằng tuộc đọc thớt này thì lần sau làm cái bảng vs hệ thống điện . cho đàng hoàng nhé < img src= '' http : //forums.voz.vn/images/smilies/off/smile.gif '' border= '' __d__ '' alt= '' '' title= '' smile '' class= '' inlineimg '' > làm ăn như lol < img src= '' https : //i.imgur.com/yej__d__or__d__.jpg '' border= '' __d__ '' alt= '' '' > < br > < br > < i > được gửi từ iphone __d__ plus - < a > vozforums < /a > < /i >,0.9726534485816956
1,"tạp chí forbes vừa công bố __d__ công ty niêm yết tốt nhất năm __d__ , trong đó ghi nhận __d__ doanh nghiệp việt nam có vốn hóa trên __d__ tỷ usd . < br > < table class= '' mastercms_tpl_table '' border= '' __d__ '' cellspacing= '' __d__ '' cellpadding= '' __d__ '' align= '' left '' > < tbody > < tr > < td > < img src= '' http : //baodautu.vn/images/chicong/__d__/__d__/__d__/thi-truong-chung-khoan-hoi-hop-cho-tin-hieu-nang-hang__d__.jpg '' alt= '' với các tiêu chí định lượng vượt xa so với yêu cầu của msci , con đường tiến đến ngày nâng hạng",0.9893459677696228
2,"htc u__d__ , honda winner __d__ , < br > leica m__d__ là sản phẩm được yêu thích nhất ttbc __d__ . < div class= '' messagetextendmarker '' > < /div >",0.768541693687439
2,"< a class= '' username author bdposttree_replyposter '' dir= '' auto '' > tdinhamj < /a > < div class= '' bdposttree_parentquote hash-__d__e__d__a__d__f__d__f__d__f__d__b '' > < div class= '' bbcodeblock bbcodequote '' > < div class= '' attribution type '' > daotruong__d__ đã nói : < a class= '' attributionlink '' > ↑ < /a > < /div > < blockquote class= '' quotecontainer '' > < div class= '' quote '' > có coi đua __d__ lần ở sâ này , rất đẹp rất chuyên nghiệp < /div > < div class= '' quoteexpand '' > bấm để mở",1.0
2,đá lên cho các bác nhé < img src= '' http : //vozforums.com/images/smilies/off/smile.gif '' border= '' __d__ '' alt= '' '' title= '' smile '' class= '' inlineimg '' >,0.9993810653686523
2,< div > < div class= '' smallfont '' > quote : < /div > < table cellpadding= '' __d__ '' cellspacing= '' __d__ '' border= '' __d__ '' width= '' __d__ % '' class= '' voz-bbcode-quote '' > < tbody > < tr > < td class= '' alt__d__ '' > < div > originally posted by < strong > godlupin < /strong > < a rel= '' nofollow '' > < img class= '' inlineimg '' src= '' http : //forums.voz.vnimages/buttons/viewpost.gif '' border= '' __d__ '' alt= '' view post '' > < /a > < /div >,1.0
1,"< div class= '' article-photo '' > < a > < img alt= '' '' src= '' https : //img.vietnamplus.vn/t__d__/uploaded/znaets/__d_____d_____d__/doji.jpg '' > < /a > < span > giao dịch vàng tại doji . ( nguồn : doji ) < /span > < /div > < br > sáng nay ( __d__/__d__ ) , giá vàng sjc và vàng rồng thăng long đảo chiều tăng từ __d__.__d__-__d__.__d__ đồng mỗi lượng theo đà tăng của giá vàng thế giới. < br > < br > < strong > < a > [ cuộc gặp thượng đỉnh mỹ-triều tiên bị hủy ,",0.9090780019760132
1,"< p class= '' lead '' > phiên giao dịch __d__/__d__ , lần đầu tiên sau khoảng __d__ tháng chỉ số vn-index mới thoáng tái lập mốc __d__.__d__ điểm . nhóm cổ phiếu ngân hàng góp động lực cho thoáng chốc chạm mốc tâm lý này. < /p > < div > < img border= '' __d__ '' src= '' http : //www.xaluan.com/images/news/image/__d__/__d__/__d__/__d__c__d__f__d__f__d__.img.jpg '' alt= '' nhiều cổ phiếu ngân hàng hiện nay thiếu đi động lực vốn ngoại mới , sau khi đã đầy hoặc khóa “ room “ - ảnh : quang phúc . '' class= '' headimg",0.7790848612785339
1,"< p > < strong > < a title= '' tỷ giá ngoại tệ '' > tỷ giá ngoại tệ < /a > ngày __d__/__d__ giảm giá so với các đồng ngoại tệ khác , đây cũng là ngày giao dịch cuối cùng của năm __d__ . < /strong > < /p > < div class= '' article-relate '' > < div class= '' item '' > < strong > < a > tỷ giá ngoại tệ ngày __d__/__d__ : usd xuống thấp nhất , euro tăng mạnh < /a > < /strong > < /div > < div class=",0.9694699048995972
2,bình thg thôi bác ạ < div class= '' messagetextendmarker '' > < /div >,0.9235591292381287
2,"< div class= '' bbcodeblock bbcodequote '' > < div class= '' attribution type '' > hakione nói : < a class= '' attributionlink '' > ↑ < /a > < /div > < blockquote class= '' quotecontainer '' > < div class= '' quote '' > thấy có loại w__d__ , loại đó dùng vision tốt hơn chứ ? < /div > < div class= '' quoteexpand '' > click to expand ... < /div > < /blockquote > < /div > < div class= '' bbcodeblock bbcodequote '' > < div class= '' attribution type '' > lampart",1.0
1,< span class= '' bold '' > < img class= '' logo-small '' title= '' '' src= '' https : //vnn-imgs-f.vgcloud.vn/logo.gif '' alt= '' '' > < a > tỷ giá ngoại tệ < /a > ngày __d__/__d__ diễn biến theo xu hướng đồng usd trên thị trường quốc tế tiếp tục tăng vọt do thị trường tin vào chính sách của mỹ và một đồng nhân dân tệ tụt giảm xuống mức thấp nhất __d__ năm. < /span > < br > ngày __d__/__d__ ngân hàng nhà nước công bố tỷ giá trung tâm của đồng việt nam với,0.9808967113494873
1,"< img class= '' logo-small t-j '' title= '' '' src= '' https : //vnn-imgs-f.vgcloud.vn/logo.gif '' alt= '' '' > < span class= '' bold '' > đồng đô la mỹ đứng trước nhiều áp lực , chỉ số đô la mỹ , đo sức mạnh của đồng bạc xanh so với các ngoại tệ chính tăng __d__,__d__ % lên mức __d__,__d__ điểm. < /span > < br > < span class= '' bold '' > < a > giá vàng hôm nay __d__/__d__ : usd biến động , vàng tăng giá suốt tuần < /a > < /span >",0.9994291663169861
2,< div class= '' bbcode_container '' > < div class= '' bbcode_quote '' > < div class= '' quote_container '' > < div class= '' bbcode_quote_container '' > < /div > < div class= '' bbcode_postedby '' > < img src= '' https : //img.webtretho.com/forum/images/misc/quote_icon.png '' alt= '' trích dẫn '' > nguyên văn bởi < strong > thocon__d__ < /strong > < a rel= '' nofollow '' > < img class= '' inlineimg '' src= '' https : //img.webtretho.com/forum/images/wtt_v__d__/buttons/viewpost-right.png '' alt= '' xem bài viết '' > < /a > < /div > < div class= '' message '',1.0
2,< div class= '' bbcodeblock bbcodequote '' > < div class= '' attribution type '' > t_bond đã viết : < a class= '' attributionlink '' > ↑ < /a > < /div > < blockquote class= '' quotecontainer '' > < div class= '' quote '' > còn sống đến giờ này thì mặc kệ chúng nó hành hạ thôi ạ < /div > < div class= '' quoteexpand '' > xem tất cả < /div > < /blockquote > < /div > < span > < br > < b > -- -- chưa thèm múc lại scr,0.9999784231185913
1,"< div class= '' tindnd clearfix '' > < div id= '' listnewsincontent '' > < span class= '' title_box '' > < a title= '' tinh doanh nghiệp '' > tin mới < /a > < /span > < ul id= '' listnewestdetail '' > < /ul > < /div > < /div > < span id= '' maincontent '' > < p > những phiên giao dịch cận kề giáng sinh , giá vàng thế giới đã có những biến động tăng cao sát đỉnh __d__ usd mỗi ounce . ngày __d__/__d__ , giá vàng giao ngay đứng",0.9999939203262329
2,"cảm ơn mod bài viết có tâm quá đúng là nét như sony , từ hồi xưa nhà dùng tv sony bây giờ smart tv vẫn trung thành với đội sony < div class= '' messagetextendmarker '' > < /div >",0.8118849992752075
1,"< div class= '' summary cms-desc '' > < div > ( đtck ) giá vàng thế giới phiên đầu tuần đã suy yếu khi giới đầu tư chọn đồng usd để trú ẩn ngay trước thềm cuộc đàm phán thương mại mỹ-trung . trong khi đó , tại thị trường vàng trong nước , __d__ thương hiệu vàng lớn là sjc và rồng thăng long lại tăng giảm trái chiều , tuy nhiên , mức giá vẫn đứng trên __d__ triệu đồng/lượng trước ngày vía thần tài. < /div > < /div > < div id= '' abody ''",0.8766974806785583
1,"< div class= '' article-des article-des__d__ '' > < p > ( hq online ) - làn sóng cách mạng công nghiệp __d__.__d__ được dự báo sẽ tạo ra những thay đổi rõ rệt trong lĩnh vực tài chính – ngân hàng , đặc biệt làm thay đổi kênh phân phối và các sản phẩm dịch vụ ngân hàng truyền thống. < /p > < /div > < div class= '' image '' id= '' newsimage '' > < div class= '' img-news '' align= '' center '' > < /div > < div class= '' caption '' > <",0.9270601868629456
1,"< div class= '' sapo_detail '' > < p > < span > thcl < /span > - giá vàng niêm yết sáng nay ( __d__/__d__ ) cả trong và ngoài nước đều tiếp tục giảm . giá vàng thế giới không thể tăng và rập rình thủng đáy nhạy cảm do đồng usd ổn định trở lại. < /p > < /div > < div id= '' cotent_detail '' class= '' pkg '' > < p > < span > theo niêm yết giá vàng sjc tại công ty vbđq sài gòn sáng nay ( __d__/__d__ ) , giá",0.8603057265281677
1,"< img id= '' dnn_ctr__d___main_usernewsdetail__image '' class= '' ximgs '' src= '' http : //thanhtra.com.vn/portals/__d__/news_images/__d__/__d__/congdinh/anh___d_____d__.jpg '' alt= '' maritime bank nhận giải ngân hàng có sáng kiến và đóng góp nổi bật cho doanh nghiệp vừa và nhỏ '' > < div > < span id= '' dnn_ctr__d___main_usernewsdetail__imagetitle '' class= '' ximgtitle '' > < /span > < /div > < p > đây là năm thứ __d__ liên tiếp maritime bank có vinh dự được cfi trao tặng giải thưởng này. < /p > < p > năm nay , đã có hơn __d__ ngân hàng , công ty",0.9846823215484619
1,"< div class= '' article-photo '' > < a > < img alt= '' '' src= '' https : //cdnimg.vietnamplus.vn/t__d__/uploaded/znaets/__d_____d_____d__/doji.jpg '' > < /a > < span > giao dịch vàng tại doji . ( nguồn : doji ) < /span > < /div > < br > sáng nay ( __d__/__d__ ) , cả hai thương hiệu vàng trong nước là sjc và vàng rồng thăng long tiếp tục giảm theo đà giảm của giá vàng thế giới. < br > < br > < strong > < a > [ thị trường vàng bình lặng trước thềm bầu",0.8802768588066101
2,"< a class= '' username author bdposttree_replyposter '' dir= '' auto '' > ndchieu__d__ < /a > < div class= '' bdposttree_parentquote hash-d__d__a__d__ada__d__a__d__d__d__f__d__c__d__dca__d__ed '' > < div class= '' bbcodeblock bbcodequote '' > < div class= '' attribution type '' > ha.thaomin đã nói : < a class= '' attributionlink '' > ↑ < /a > < /div > < blockquote class= '' quotecontainer '' > < div class= '' quote '' > bravia x__d__f là cái tv mình cảm thấy ưng nhất từ trước tới nay , từ âm thanh đến hình ảnh đều ok < /div > <",0.9999998807907104
1,"< h__d__ id= '' plhmain_newsdetail__d___divsapolive '' class= '' sapo '' > tỷ giá trung tâm giữa vnd và usd được ngân hàng nhà nước công bố sáng __d__/__d__ ở mức __d__.__d__ vnd , tăng __d__ đồng so với hôm qua . < /h__d__ > < div id= '' plhmain_newsdetail__d___divcontentlive '' class= '' boxdetail '' > < div id= '' divfirst '' > < div align= '' left '' > < div align= '' center '' > < table class= '' boxdoituong '' width= '' __d__ '' cellpadding= '' __d__ '' > < tbody > < tr > < td >",0.9999452829360962
1,"< p class= '' ptitle '' > nâng hạng thị trường và quyết tâm của việt nam < /p > < p class= '' phead '' > '' nếu gặp chuyên gia của msci tôi sẽ hỏi rằng tổ chức còn chờ gì nữa mà không nâng hạng cho thị trường việt nam , bởi vì các chỉ tiêu về định lượng đã đạt và thậm chí một số còn vượt xa '' , chủ tịch ủy ban chứng khoán nhà nước trần văn dũng bắt đầu như vậy khi nói về câu chuyện nâng hạng của thị trường chứng",0.662962019443512
2,< div class= '' bbcodeblock bbcodequote '' > < div class= '' attribution type '' > tapchoichungkhoan__d__ đã viết : < a class= '' attributionlink '' > ↑ < /a > < /div > < blockquote class= '' quotecontainer '' > < div class= '' quote '' > tây đang kê vcb cho nhỏ lẻ xả đó bác chủ ơi < img src= '' http : //f__d__.comstyles/yahoo/__d__.gif '' class= '' mcesmilie '' alt= '' : ) '' title= '' happy : ) '' > < /div > < div class= '' quoteexpand '' > xem tất cả < /div >,1.0
2,< div class= '' bbcode_container '' > < div class= '' bbcode_quote '' > < div class= '' quote_container '' > < div class= '' bbcode_quote_container '' > < /div > < div class= '' bbcode_postedby '' > < img src= '' https : //img.webtretho.com/forum/images/misc/quote_icon.png '' alt= '' trích dẫn '' > nguyên văn bởi < strong > dungchau__d__ < /strong > < a rel= '' nofollow '' > < img class= '' inlineimg '' src= '' https : //img.webtretho.com/forum/images/wtt_v__d__/buttons/viewpost-right.png '' alt= '' xem bài viết '' > < /a > < /div > < div class= '' message '',1.0
1,"< div class= '' content-fck '' > < div class= '' content-fck-font-size '' > < p class= '' fontd fw__d__ justify '' > sáng nay ( __d__-__d__ ) , tand tp hcm đưa vụ án phạm công danh và đồng phạm ra xét xử sơ thẩm về hành vi “ cố ý làm trái quy định của nhà nước về quản lý kinh tế gây hậu quả nghiêm trọng ” . < /p > < /div > < /div > < br > < div class= '' content-fck slider-jsgallery '' > < div class= '' content-fck-font-size '' > < p",0.9992967844009399
2,"< div class= '' bbcodeblock bbcodequote '' > < div class= '' attribution type '' > trần hải __d__ đã nói : < a class= '' attributionlink '' > ↑ < /a > < /div > < blockquote class= '' quotecontainer '' > < div class= '' quote '' > độ nhẹ nhàng __d__ em như này đi thớt , đảm bảo chất lừ < a > view attachment __d__ < /a > < /div > < div class= '' quoteexpand '' > bấm để mở rộng ... < /div > < /blockquote > < /div > em xe này",0.9999915361404419
1,"< p > < span class= '' bold '' > < img class= '' logo-small '' title= '' '' src= '' http : //tintuc.net/photos/__d__/__d__/__d__/__d__.gif '' alt= '' '' > - phân khúc smartphone dưới __d__ triệu đồng chứng kiến sự cạnh tranh khốc liệt từ những cái tên quen thuộc với những tính năng mới vốn chỉ có ở phân khúc cao hơn như màn hình tràn viền , camera kép hay viên pin lớn. < /span > < /p > < p > nếu bạn có __d__ triệu đồng trong tay và muốn chọn một chiếc smartphone theo tiêu",0.9838604927062988
1,"< div class= '' tindnd clearfix '' > < div id= '' listnewsincontent '' > < span class= '' title_box '' > < a title= '' tinh doanh nghiệp '' > tin mới < /a > < /span > < ul id= '' listnewestdetail '' > < /ul > < /div > < /div > < span id= '' maincontent '' > < p > < strong > mục tiêu cần hướng tới < /strong > < /p > < p > theo ủy ban giám sát tài chính quốc gia , đến cuối năm __d__ , tỷ lệ an",0.9999946355819702
1,"< div class= '' __mb_mastercms_el '' id= '' __mb_mastercms_el___d__ '' > < table align= '' center '' border= '' __d__ '' cellpadding= '' __d__ '' cellspacing= '' __d__ '' class= '' mastercms_tpl_table '' > < tbody > < tr > < td > < img alt= '' petroleum finance stocks drag market down '' border= '' __d__/ '' class= '' __img_mastercms '' src= '' https : //www.vir.com.vn/stores/news_dataimages/hung/__d__/__d__/__d__/in_article/petroleum-finance-stocks-drag-market-down.jpg '' title= '' petroleum , finance stocks drag market down '' > < /td > < /tr > < tr > < td > brokers at work at mb securities jsc in hanoi.",0.9999998807907104
1,"< p class= '' ptitle '' > nhịp đập thị trường __d__/__d__ : `` cầm vàng lại để vàng rơi '' < /p > < p class= '' phead '' > thị trường suy yếu trước áp lực chốt lời từ nhóm bluechip . vn-index đã không thể giữ vững được mốc __d__,__d__ điểm . < /p > < p class= '' pbody '' > kết phiên , vn-index đóng cửa tăng __d__.__d__ % dừng tại mức __d__.__d__ điểm ; hnx-index tăng __d__.__d__ % đóng cửa tại __d__.__d__ điểm . khối lượng khớp lệnh hôm nay cao đột biến đạt",0.8098180294036865
2,bên bạn có nhận sơn nhà theo nhân công không bạn ơi ? < div class= '' messagetextendmarker '' > < /div >,0.8429383635520935
1,"< a class= '' btn-nhuanbut__d__ nb__d__ '' title= '' nhuận bút __d__h '' > < /a > trong khuôn khổ diễn đàn kinh tế tư nhân __d__ , phó chủ tịch nước đặng thị ngọc thịnh , phó tổng giám đốc vietjet hồ ngọc yến phương , ceo deloitte châu á cindy hook , chủ tịch tập đoàn brg nguyễn thị nga… đã có phiên tọa đàm về nữ doanh nhân , chia sẻ câu chuyện về doanh nghiệp , về khát vọng việt. < br > < span id= '' docs-internal-guid-__d__f__d__d-__d__fff-__d__cce-f__d__-ab__d__b__d__a__d__cbca '' > ngày __d__ , __d__/__d__ , diễn",0.8142576813697815
1,"< p class= '' lead '' > theo phóng viên ttxvn tại london , ngày __d__/__d__ , phó thủ tướng , bộ trưởng ngoại giao phạm bình minh đã có hội đàm với bộ trưởng ngoại giao anh jeremy hunt. < /p > < div > < img border= '' __d__ '' src= '' http : //www.xaluan.com/images/news/image/__d__/__d__/__d__/__d__bbdfe__d__ac__d__.img.jpg '' alt= '' phó thủ tướng , bộ trưởng ngoại giao phạm bình minh gặp bộ trưởng ngoại giao anh jeremy hunt tại trụ sở bộ ngoại giao anh ngày __d__/__d__/__d__ . ( ảnh : ttxvn ) '' class= '' headimg '' >",0.9253396987915039
1,< div class= '' clearfix cms-body '' > < img src= '' http : //image.plo.vn/w__d__/uploaded/__d__/mrnvyqdxl/__d_____d_____d__/eximban-nang-cap-he-thong-giam-rui-ro_wilm.jpg '' alt= '' eximbank áp dụng công nghệ của infosys để quản trị rủi ro '' class= '' cms-photo '' > < /div > < br > < div > ( plo ) - ngân hàng tmcp xuất nhập khẩu việt nam ( eximbank ) đã triển khai giải pháp phần mềm infosys finacle core banking để thay thế hệ thống core banking đang sử dụng hiện nay. < /div > < br > < div id= '' abody '' class= '' cms-body '' >,0.9991908669471741
2,"chu la pho đạo diễn . `` quỳnh búp bê '' cát xê đươc nhiêu ko ,",0.8571799397468567
2,< div class= '' bbcodeblock bbcodequote '' > < div class= '' attribution type '' > < i class= '' fa fa-quote-left '' > < /i > mợ quýt nói : < a class= '' attributionlink '' > ↑ < /a > < /div > < blockquote class= '' quotecontainer '' > < div class= '' quote '' > em bao năm đi làm nhảy việc nhiều nơi không cố định nên cứ dập rình đóng bảo hiểm xã hội rồi lại thôi . có nơi làm sổ rồi mà sếp ỳ ra không nộp tiền nên cũng coi như,0.9999866485595703
2,"< center > < div > < div class= '' gooogleads_smallsize '' > < a > < img src= '' https : //__d__.bp.blogspot.com/-uw__d__mdi__d__smto/wgwuffbkcji/aaaaaaabcdw/o__d__gdldnysgslmrrhrnkbnk__d__wclzkaxaqclcbgas/s__d__/banner-__d__.gif '' > < /a > < /div > < div class= '' gooogleads_largesize '' > < a > < img src= '' https : //__d__.bp.blogspot.com/-dyw__d__lk__d__wbby/wgwufesk-__d__i/aaaaaaabcds/__d__mefdlx__d__nky__d__aob__d__ucrbw__d__dlahhpi__d__yaclcbgas/s__d__/banner-__d__.gif '' > < /a > < /div > < /div > < /center > chương trình khuyến mại này của moony hot quá , mà các mẹ cho mình hỏi , mình có thể mua tã moony ở bất cứ đâu cũng đều có quà tặng hay sao ạ < div class=",0.9999773502349854
2,"chiếc tv sony mình thấy được chất lượng hình ảnh ổn hơn , nhà mình cũng đang dùng sony luôn < div class= '' messagetextendmarker '' > < /div >",0.762109100818634
2,< div class= '' bbcodeblock bbcodequote '' > < div class= '' attribution type '' > < i class= '' fa fa-quote-left '' > < /i > nguyễn hoàng __d__ nói : < a class= '' attributionlink '' > ↑ < /a > < /div > < blockquote class= '' quotecontainer '' > < div class= '' quote '' > tin nhắn giống như đèn giao thông chập cheng thôi . hai bên đi xe phải tự biết là cái đèn đó chập cheng < img src= '' http : //otofun.netstyles/yahoo/__d__.gif '' class= '' mcesmilie '' alt= '' : d,0.9999994039535522
