mention,topic_id,id
< div class= '' fck_detail width_common block_ads_connect '' > < p class= '' normal '' > phim < em > < a title= '' tết còn có thể vui hơn nữa '' > tết còn có thể vui hơn nữa < /a > < /em > của đạo diễn < a title= '' victor vũ '' > victor vũ < /a > kết hợp với < a title= '' nestlé việt nam '' > nestlé việt nam < /a > mở đầu bằng câu chuyện một bé gái mong muốn được chơi cùng mẹ vào những ngày tết . trong,6877,57f31947-ccd9-542e-a45d-122350376087
< div class= '' mb__d__ '' > < div class= '' banner box mobile-hidden '' > < /div > < /div > < p class= '' article-sapo cms-desc '' > niềm vui ngày xuân sẽ lớn hơn biết < a title= '' báo '' > bao < /a > khi nhà nhà đón < a title= '' tết '' > tết < /a > “ không quà lớn - không bày vẽ - không tất bật ” để nhường tất cả không gian và < a title= '' thời gian '' > thời gian < /a > cho sự sum,6877,280c9366-3920-5756-8c4a-898ddf0d37eb
"< div class= '' vcsortableinpreviewmode nocaption '' > < div > < img src= '' https : //cdn.tuoitre.vn/thumb_w/__d__/__d__/photo-__d__-__d__.jpg '' id= '' img_a__d__ce__d__-__d__a__d__-__d__e__d__-bcf__d__-b__d__b__d__b__d__e '' alt= '' siêu thị co.opmart tân thành – bà rịa đông khách nhờ khuyến mãi - ảnh __d__ . '' title= '' siêu thị co.opmart tân thành – bà rịa đông khách nhờ khuyến mãi - ảnh __d__ . '' width= '' '' height= '' '' > < /div > < div class= '' photocms_caption '' > < /div > < /div > < p > cuối tuần vừa qua , lượng khách đổ về siêu thị",6877,4142daf7-2d97-5b70-b783-6ca9983a4ce8
"< div class= '' vcsortableinpreviewmode '' id= '' videoid___d__ '' > < div id= '' videoid___d__ '' > < /div > < div class= '' videocms_caption '' > < p class= '' '' > tết có thể vui hơn nữa - vị tết nestlé - vị khai xuân hạnh phúc- đạo diễn victor vũ < /p > < /div > < /div > < p class= '' '' > niềm vui ngày tết thể hiện rõ nhất trong mắt của những đứa trẻ , chính vì thế victor vũ đã kể câu chuyện qua lời của một cô bé .",6877,4858c367-1bd3-55b5-a7cb-8f58ed3896b3
< div > < div class= '' smallfont '' > quote : < /div > < table cellpadding= '' __d__ '' cellspacing= '' __d__ '' border= '' __d__ '' width= '' __d__ % '' class= '' voz-bbcode-quote '' > < tbody > < tr > < td class= '' alt__d__ '' > < div > originally posted by < strong > hay qua nhi __d__ < /strong > < a rel= '' nofollow '' > < img class= '' inlineimg '' src= '' http : //vozforums.comimages/buttons/viewpost.gif '' border= '' __d__ '' alt= '' view post '' > < /a >,6877,5c664110-2abb-5abb-8b37-9b04a0261cc2
"< div class= '' nks-column-group '' > < div class= '' nks-block-item nks-type-creative-description nks-custom-full-width nks-custom-text-left-image-right '' > < div class= '' nks-title '' > < h__d__ > máy pha cà phê nescafe dolce gusto-__d__ drop màu trắng - giữ nguyên mùi vị đặc trưng của cà phê < /h__d__ > < /div > < div class= '' nks-block-description-wrapper '' > < div class= '' nks-images '' > < /div > < div class= '' nks-block-description '' > < p > cuộc sống hiện đại , hối hả kéo theo thời gian dành cho công việc , gia đình chiếm quá",6877,291c2581-6b3a-5bc3-8b38-81a9ebd888c0
< div class= '' nks-column-group '' > < div class= '' nks-block-item nks-type-creative-description nks-custom-full-width nks-custom-text-left-image-right '' > < div class= '' nks-title '' > < h__d__ > máy pha cà phê nescafe dolce gusto-__d__ drop màu đỏ - hương cà phê đậm chất quyến rũ < /h__d__ > < /div > < div class= '' nks-block-description-wrapper '' > < div class= '' nks-images '' > < /div > < div class= '' nks-block-description '' > < p > những hạt cà phê ngon và một máy pha cà phê tốt sẽ giúp bạn có được một ly cà phê ``,6877,49d40c39-1ab4-5506-9b9d-e7cd5eaba79f
"< iframe frameborder= '' __d__ '' marginheight= '' __d__ '' marginwidth= '' __d__ '' width= '' __d__ % '' id= '' detail_iframe_id '' > < /iframe > < br > < img src= '' //baomoi-photo-__d__-td.zadn.vn/w__d___r__d__m/__d__/__d__/__d__/__d__/__d__/__d_____d__.jpg '' alt= '' giáp tết , bình thuận liên tiếp phát hiện thực phẩm không đủ điều kiện an toàn thực phẩm - ảnh __d__ '' > < br > < em > xử phạt cơ sở kinh doanh lê hiếu số tiền __d__,__d__ triệu đồng hành vi kinh doanh thực phẩm hết hạn sử dụng – ảnh minh họa < /em > < br",6877,173371c9-1216-5600-a3f5-e0f07424822a
áo này giá bn ạ ?,6877,e00ea328-f2d9-5410-8275-f757057c7017
muốn mua hộp cafe ko mua máy đc ko shop,6877,5bbbdab1-d53e-5008-96a9-c09f1f113156
cho mình hỏi giá tiền __d__ thùng nescafe ?,6877,9118b5c7-608b-52a8-a4ea-07ccf054aeb1
để khung trong bao lâu hả ad,6877,cdba4afd-77bb-599c-a1e5-ff3d4c682a92
"à ad cho mình hỏi , chương trình mua nescafe trúng nhà ấy , có bao nhiêu giải vậy ad ? nếu trúng ad có công bố những người trúng giải ko ?",6877,006a34ab-8390-5772-916e-d7c53eeaa24a
"cho em hoi ty , bên minh co bán cốc nescafe nay ko a",6877,d8c549e5-9fae-514d-9abc-e75775d594f5
chao bn nhi,6877,a013bce1-c26f-51d7-9c88-f0d2484b4e6c
tam trang vay bn,6877,a03b252f-b0d7-5f2c-ad63-1b77ca19074d
tài chính bao nhiêu vậy a,6877,95ff3b94-5129-5e06-bf3c-28ba4c5bd3b3
cái lon này bán đâu mn ? mình ở q__d__,6877,bf369457-4a9e-522f-949a-c2f0cbe6c117
giá mấy một lon này vậy ? nhìn cute ấn tượng ghê,6877,285732a2-fedc-5a2c-aaff-2d355cd31c69
cốc nescafe giá mấy bạn,6877,07bac571-60a5-5005-ba9d-be5de410f941
^^ cho em hỏi cái này có trên thị trường chưa chị ? ?,6877,b9138cec-78ec-511c-ab25-853544200580
__d__ hộp __d__ gói đó ạ,6877,311b0c7e-dc46-5c86-b671-d7b4870fbbb5
__d__ hộp này giá bao nhiêu vậy ạ,6877,3c4c8709-1581-567f-a03d-1db001ba8168
cho em xin link tham gia game bên này với ạ,6877,5119df4e-55e9-5904-b6c1-49be28c64838
"< a class= '' username author bdposttree_replyposter '' dir= '' auto '' > truongpham__d__ < /a > < div class= '' bdposttree_parentquote hash-__d__d__d__fa__d__e__d__d__d__c__d__b '' > < div class= '' bbcodeblock bbcodequote '' > < div class= '' attribution type '' > the_hulk__d__ đã nói : < a class= '' attributionlink '' > ↑ < /a > < /div > < blockquote class= '' quotecontainer '' > < div class= '' quote '' > ngay cả chữ coffee viết còn không nên thân thì `` thứ nước có mùi cà phê '' cũng ko dành cho bạn , nên quay về",6877,ea03ed51-6090-5bd4-b6f5-55b9514c11ca
đẹp quá em ơi cái này bao giờ end vậy em ?,6877,65cfa93a-3822-5d91-9482-468e458c2e56
tỉnh củm thế nhỉ,6877,be91cb78-ebea-521b-9dfc-78683969b4ab
gia sao vậy nàng ơi ?,6877,a2e55b3a-1f6f-5210-8e27-77bfa5751ec7
mấy tiền hộp ạ,6877,dcdb19ea-e031-5555-9b08-cab81c9f4552
bao tien __d__ t nét ca phe vay,6877,8b2c7ec0-bbf2-5d63-ad8b-ad89619d8c4a
giá __d__ hộp như nào vây,6877,dc6c56bb-59e3-5e1f-bb80-c726d90316cc
giá nét ca phê do __d__in__d__ bn __d__hop bạn oi,6877,6e85a4c3-094d-5a36-8ba3-1e8053ec1ed7
cho em xin link game này với được không chị,6877,34bf3e33-4c23-5623-90d7-43d83e13a60e
dành cho độ tuổi bao nhiêu vậy chị ?,6877,797cdeae-7c6d-5266-a232-e40fd89bbc3e
chương trình này bao giờ end thế chị ?,6877,841847b8-7ce0-55a9-9dd7-324d9755229b
bao nhieu __d__ kg loại __d__ vậy .,6877,b77db988-3f6d-5a84-981e-a7a775042ec1
< h__d__ id= '' plhmain_newsdetail__d___divsapolive '' class= '' sapo '' > nhãn hàng nescafé ( nestlé việt nam ) vừa ra mắt sản phẩm mới : café việt cà phê pha phin . < /h__d__ > < div id= '' plhmain_newsdetail__d___divcontentlive '' class= '' boxdetail '' > < div > < img alt= '' chú thích ảnh '' src= '' https : //cdnmedia.baotintuc.vn/upload/dgcvmtlso__d__cq__d__tvfgr__d__a/files/nestle % __d__vi % e__d__ % bb % __d__t % __d__nam % __d__.jpg '' > < /div > < p > < span > < span lang= '' vi '' > < span > < span > sản,6877,4926c088-51ef-541c-87e6-30ff605e360e
"< img class= '' logo-small '' title= '' '' src= '' https : //vnn-imgs-f.vgcloud.vn/logo.gif '' alt= '' '' > < span class= '' bold '' > giá cà phê hôm nay __d__/__d__ giảm __d__ đồng , giá mỗi kg cà phê xuống mức thấp chỉ từ __d__.__d__ đồng/kg. < /span > < br > < a > giá vàng hôm nay __d__/__d__ : usd đổ gục , vàng vọt lên từ đáy < /a > < br > theo khảo sát , giá cà phê nguyên liệu trong nước giao dịch ở mức từ __d__.__d__ – __d__.__d__ đồng/kg . giá",6877,0f675476-003b-50ef-a89c-c06257a24f74
"< p > < img class= '' logo-small '' title= '' '' src= '' http : //tintuc.net/photos/__d__/__d__/__d__/__d__.gif '' alt= '' '' > < span class= '' bold '' > giá cà phê hôm nay __d__/__d__ giảm __d__ đồng , giá mỗi kg cà phê xuống mức thấp chỉ từ __d__.__d__ đồng/kg. < /span > < /p > < p > theo khảo sát , giá cà phê nguyên liệu trong nước giao dịch ở mức từ __d__.__d__ – __d__.__d__ đồng/kg . giá cà phê nhân xô thấp nhất __d__.__d__ đồng/kg tại lâm đồng và cao nhất __d__.__d__ đồng/kg tại gia",6877,cde765c0-859c-51bf-b673-3269a49405e8
< h__d__ class= '' article-content__d__ article-content__d__ '' > < div id= '' ctl__d___placeholdermain_g_d__d__e__d__f__d_____d__e__d_____d__d__d_____d__fab___d__aead__d__db__d__ '' > ( tbtco ) - nestlé việt nam vừa được vinh danh trong top __d__ doanh nghiệp bền vững lĩnh vực sản xuất tại sự kiện công bố __d__ doanh nghiệp bền vững việt nam năm __d__ . < /div > < /h__d__ > < div id= '' ctl__d___placeholdermain_g___d__f__d__c__d_____d_____d___a__d__f__d___c__d__bc__d__ '' > < div class= '' main-showeditdetail '' > < div class= '' img-page '' > < img alt= '' vc '' src= '' http : //thoibaotaichinhvietnam.vn/pictures__d__/nguyenhongquyen-tbtc/vcc.jpg '' > < /div > < div class= '' img-caption,6877,f87e44f6-65bb-5071-9b00-2935cbc5dd86
sạo toan cua __d__ __d__ vay ad,6877,56052ef8-b8f0-5f00-a5aa-8f5c48467c1e
cho mình hỏi trúng __d__ mã quà tặng là sao ad,6877,64b0a1cd-b349-5ea0-9a29-aa07ee948169
< div > < div class= '' smallfont '' > quote : < /div > < table cellpadding= '' __d__ '' cellspacing= '' __d__ '' border= '' __d__ '' width= '' __d__ % '' class= '' voz-bbcode-quote '' > < tbody > < tr > < td class= '' alt__d__ '' > < div > originally posted by < strong > duy__d__ < /strong > < a rel= '' nofollow '' > < img class= '' inlineimg '' src= '' http : //vozforums.comimages/buttons/viewpost.gif '' border= '' __d__ '' alt= '' view post '' > < /a > < /div >,6877,4aef28f2-7e7e-54c8-86bf-97c89d69e931
ở các tiệm tạp hóa có tặng ko ?,6877,5da82002-05c0-5767-a024-06ccda4c0b05
cho mình hỏi mua bịch __d__goi có tăng ko vậy,6877,1fac3707-fd03-56e1-85b6-e916795c4ef0
__d__ hop la bao nhjeu goi ? bao nhjeu tien ?,6877,abcba9b3-f6b8-5b01-8fe5-6c5c1f34800b
mot hop bn mua __d__ co phi j nua ko,6877,2db8766d-2f7a-56be-ba0d-ac0ef3fd8047
kafe co loi pin khong vay,6877,7d865d40-5f28-50af-9f5b-c035c56fceec
cho mình hỏi mua cà phê sữa đá __d__ in __d__ nescafe hộp __d__gói x __d__g có đựoc tặng bình giử nhiệt không .,6877,e077b2c3-0124-565c-92b9-f309f0877faf
dat o dau vay ban oi,6877,9baa8549-e1d5-5b87-8f60-f72ed360f850
< div > < div class= '' smallfont '' > quote : < /div > < table cellpadding= '' __d__ '' cellspacing= '' __d__ '' border= '' __d__ '' width= '' __d__ % '' class= '' voz-bbcode-quote '' > < tbody > < tr > < td class= '' alt__d__ '' > hello các thím . < br > tình hình là đi làm mà thiếu caffein nó khó tập trung quá . mà trong cty thì lại ko cho mang đồ ăn thức uống vào nên giờ tính kiếm cafe gói nào nặng đô tí uống cho nó sung,6877,e521f38d-e7b3-57d1-a6c7-9d3d0384926f
< div > < div class= '' smallfont '' > quote : < /div > < table cellpadding= '' __d__ '' cellspacing= '' __d__ '' border= '' __d__ '' width= '' __d__ % '' class= '' voz-bbcode-quote '' > < tbody > < tr > < td class= '' alt__d__ '' > < div > originally posted by < strong > tpdt__d__ < /strong > < a rel= '' nofollow '' > < img class= '' inlineimg '' src= '' http : //vozforums.comimages/buttons/viewpost.gif '' border= '' __d__ '' alt= '' view post '' > < /a > < /div >,6877,1e064fac-c474-59f8-bc08-c36c968a36f7
cho hỏi mua thế nào tặng ly vậy,6877,18abb1f0-c95d-5964-a423-44a2f7e706f1
< span class= '' time '' > __d__/__d__/__d__ __d__:__d__ pm < /span > < span class= '' gach '' > | < /span > < span class= '' cat '' > < a title= '' kinh doanh '' > kinh doanh < /a > < /span > < br > < div class= '' sharefbdetail '' > < a rel= '' nofollow '' > < i class= '' iconsharefbv__d__ '' > < /i > < span class= '' countsharefb '' > < /span > < /a > < /div > < div class= '' fblikewrap '' > < div class=,6877,ad513333-a0e8-55d1-b1a9-87a6252a89fe
"< div class= '' tindnd clearfix '' > < div id= '' listnewsincontent '' > < span class= '' title_box '' > < a title= '' tinh doanh nghiệp '' > tin mới < /a > < /span > < ul id= '' listnewestdetail '' > < /ul > < /div > < /div > < span id= '' maincontent '' > < p > theo đó , nestle sẽ trả cho công ty có trụ sở tại seattle , mỹ số tiền __d__,__d__ tỷ usd nhằm đổi lấy quyền bán các sản phẩm cà phê starbucks trong chuỗi phân",6877,9b57fe37-1200-55b2-935b-8144328db7fb
"< div class= '' article-photo '' > < img alt= '' '' src= '' https : //images__d__-focus-opensocial.googleusercontent.com/gadgets/proxy ? container=focus & gadget=a & no_expand=__d__ & refresh=__d__ & url=https : //img.vietnamplus.vn/t__d__/uploaded/xpcwvovt/__d_____d_____d__/__d___starbucks.png '' > < span > ảnh minh họa . ( nguồn : thestreet.com ) < /span > < /div > < br > tập đoàn sản xuất thực phẩm khổng lồ của thụy sĩ < a title= '' nestle '' > nestle < /a > sẽ chi __d__,__d__ tỷ usd để được phép bán các sản phẩm của hãng < a title= '' càphê starbucks '' > càphê starbucks < /a",6877,bdc76d3a-7e9c-565b-94ab-4818b6a6b96a
"< iframe frameborder= '' __d__ '' marginheight= '' __d__ '' marginwidth= '' __d__ '' width= '' __d__ % '' id= '' detail_iframe_id '' > < /iframe > < br > < strong > gia tăng quy mô tại mỹ < /strong > < br > nhà sản xuất nescafe của thụy sĩ sẽ chi __d__,__d__ tỷ usd tiền mặt cho quyền bán các sản phẩm cà phê starbucks tại các siêu thị , nhà hàng và các hoạt động phục vụ . starbucks sản xuất cà phê đặc trưng của nestle , đóng nhãn starbuck lên bán. < br >",6877,94d09127-fc1b-5d7b-b4d5-6b761e9d9d05
chai smoovlatté bnh thế ?,6877,b35dd132-0a3a-5c67-95cf-1512d4d7353a
nescafe việt giá nhiu,6877,77c7d1d3-dcaf-5779-a111-fa31e117834c
tôi mua trên __d__k và có cafe sữa nhưng ko có quà . hỏi tổng đài thì bảo phải có hộp cafe sữa __d__ in __d__ hộp __d__ gói . mình mua hẳn hộp __d__ gói cơ mà . vậy tại sao ko ghi rõ điều kiện là hộp __d__ gói mà ghi chung chung là hộp cafe sữa __d__ in __d__ ?,6877,30969c93-fe0f-5798-9b06-dbd41b4e1679
< div > < div class= '' smallfont '' > quote : < /div > < table cellpadding= '' __d__ '' cellspacing= '' __d__ '' border= '' __d__ '' width= '' __d__ % '' class= '' voz-bbcode-quote '' > < tbody > < tr > < td class= '' alt__d__ '' > < div > originally posted by < strong > kamitori < /strong > < a rel= '' nofollow '' > < img class= '' inlineimg '' src= '' http : //forums.voz.vnimages/buttons/viewpost.gif '' border= '' __d__ '' alt= '' view post '' > < /a > < /div >,6877,55277702-8154-5d7b-8cbb-7046b3ca085e
< div > < div class= '' smallfont '' > quote : < /div > < table cellpadding= '' __d__ '' cellspacing= '' __d__ '' border= '' __d__ '' width= '' __d__ % '' class= '' voz-bbcode-quote '' > < tbody > < tr > < td class= '' alt__d__ '' > < div > originally posted by < strong > kamitori < /strong > < a rel= '' nofollow '' > < img class= '' inlineimg '' src= '' http : //forums.voz.vnimages/buttons/viewpost.gif '' border= '' __d__ '' alt= '' view post '' > < /a > < /div >,6877,fc346f1d-5f68-5769-aaf9-d79876634d5a
< div > < div class= '' smallfont '' > quote : < /div > < table cellpadding= '' __d__ '' cellspacing= '' __d__ '' border= '' __d__ '' width= '' __d__ % '' class= '' voz-bbcode-quote '' > < tbody > < tr > < td class= '' alt__d__ '' > < div > originally posted by < strong > manhlinhng < /strong > < a rel= '' nofollow '' > < img class= '' inlineimg '' src= '' http : //forums.voz.vnimages/buttons/viewpost.gif '' border= '' __d__ '' alt= '' view post '' > < /a > < /div >,6877,a9c5f953-aab9-55c9-af58-11a79d57c79e
< div > < div class= '' smallfont '' > quote : < /div > < table cellpadding= '' __d__ '' cellspacing= '' __d__ '' border= '' __d__ '' width= '' __d__ % '' class= '' voz-bbcode-quote '' > < tbody > < tr > < td class= '' alt__d__ '' > < div > originally posted by < strong > trivu__d__ < /strong > < a rel= '' nofollow '' > < img class= '' inlineimg '' src= '' http : //forums.voz.vnimages/buttons/viewpost.gif '' border= '' __d__ '' alt= '' view post '' > < /a > < /div >,6877,e34e09ee-6b27-50a7-b324-beeaac8eda17
< div > < div class= '' smallfont '' > quote : < /div > < table cellpadding= '' __d__ '' cellspacing= '' __d__ '' border= '' __d__ '' width= '' __d__ % '' class= '' voz-bbcode-quote '' > < tbody > < tr > < td class= '' alt__d__ '' > < div > originally posted by < strong > redbaronv < /strong > < a rel= '' nofollow '' > < img class= '' inlineimg '' src= '' http : //forums.voz.vnimages/buttons/viewpost.gif '' border= '' __d__ '' alt= '' view post '' > < /a > < /div >,6877,a0ff11ae-4418-5c6c-a653-6a7c5e83b12f
bao nhiêu __d__ chai vậy ?,6877,27eee33b-5f76-536e-a6ba-132d18c5a1a2
bao nhiêu __d__ chai ?,6877,9668a54b-7b5e-5443-9d43-7d6bbf0b1e6e
bn tiền ạ,6877,9920f3fe-83fe-53eb-879d-7b7615319567
giá bao nhiêu vậy,6877,d18df0b4-8a44-5841-b295-18c63cc355c4
cho e hỏi bh có đại chiến bánh mì __d__ vậy ạ ? ? ? ?,6877,3a58534c-1961-511a-b3a1-c9a0ff9d2e94
bao tiền __d__ chai vậy ? ? ?,6877,de6d4cef-1d6a-5860-bb37-302856dc7301
__d__ chai cà phê nhiu tiền,6877,9ed0dbde-010a-54b7-9cab-9acc98db6cc9
< iframe frameborder= '' __d__ '' marginheight= '' __d__ '' marginwidth= '' __d__ '' width= '' __d__ % '' id= '' detail_iframe_id '' > < /iframe > < br > < img src= '' https : //baomoi-photo-__d__-td.zadn.vn/w__d___r__d__/__d__/__d__/__d__/__d__/__d__/__d_____d__.jpg '' > < br > < em > tờ asia times gọi vụ ly hôn giữa ông vũ và bà thảo là `` vụ ly hôn thập kỷ '' < /em > < br > < strong > vụ ly hôn thập kỷ giữa những người sở hữu cà phê trug nguyên < /strong > làm say đắm truyền thông việt nam trong,6877,487dd798-5b29-5e6b-9d86-611b7b990cc7
"< div class= '' updtm mrt__d__ '' > < /div > < div class= '' sbnws '' > < /div > < div class= '' pdb__d__ '' > < /div > < h__d__ > < /h__d__ > < div class= '' flrt '' > < div class= '' icosocial txtrt flrt clf '' > < /div > < /div > < div class= '' clf '' > < /div > < p > trung nguyên , vinacafe biên hòa , nestle vốn được xem là __d__ ông lớn thống lĩnh trên thị trường café hòa tan tại việt nam .",6877,90d15487-982c-5b05-9e65-2ec322ab7883
< p align= '' center '' > < span class= '' img-share '' > < span class= '' shareimage '' > < /span > < img alt= '' asia times : vo chong dang le nguyen vu `` mac ket trong cuoc phan ly lon xon '' hinh anh __d__ '' src= '' https : //image__d__.tin__d__.com/pictures/__d__/__d__/__d__/ayr__d__.jpg '' > < /span > < /p > < p > tờ asia times gọi vụ ly hôn giữa ông vũ và bà thảo là `` vụ ly hôn thập kỷ '' < /p > < p > vụ ly hôn thập kỷ giữa,6877,9e94e054-5c86-5642-a2ea-fbc015c5091c
< div class= '' articlecontent '' > < p class= '' t-j '' > < span class= '' bold '' > báo asia times vừa có bài viết về cuộc ly hôn thập kỷ tại tập đoàn < a > trung nguyên < /a > rằng những người sở hữu tập đoàn cà phê này đều là thành viên trong một gia đình . họ đang 'mắc kẹt trong một cuộc phân ly lộn xộn'. < /span > < /p > < div class= '' article-relate '' > < div class= '' item '' > < span class= '' bold,6877,dc085ace-2498-57b5-94f0-08b4ace5d9bb
< span class= '' time '' > __d__/__d__/__d__ __d__:__d__ pm < /span > < span class= '' gach '' > | < /span > < span class= '' cat '' > < a title= '' kinh doanh '' > kinh doanh < /a > < /span > < br > < div class= '' sharefbdetail '' > < a rel= '' nofollow '' > < i class= '' iconsharefbv__d__ '' > < /i > < span class= '' countsharefb '' > < /span > < /a > < /div > < div class= '' fblikewrap '' > < div class=,6877,3a9bf2ee-1938-5999-aab3-35d8795ee41e
< div class= '' tindnd clearfix '' > < div id= '' listnewsincontent '' > < span class= '' title_box '' > < a title= '' tinh doanh nghiệp '' > tin mới < /a > < /span > < ul id= '' listnewestdetail '' > < /ul > < /div > < /div > < span id= '' maincontent '' > < p > tờ atimes nhận định `` vụ ly hôn thập kỷ '' của việt nam đã gây sự chú ý đặc biệt đối với truyền thông địa phương trong suốt hơn __d__ tháng qua với những,6877,e56b9f4c-8e5c-59fd-ac06-a1ddecf790d1
< span class= '' time '' > __d__/__d__/__d__ __d__:__d__ pm < /span > < span class= '' gach '' > | < /span > < span class= '' cat '' > < a title= '' kinh doanh '' > kinh doanh < /a > < /span > < br > < div class= '' sharefbdetail '' > < a rel= '' nofollow '' > < i class= '' iconsharefbv__d__ '' > < /i > < span class= '' countsharefb '' > < /span > < /a > < /div > < div class= '' fblikewrap '' > < div class=,6877,b961e66f-5d6c-510b-ab06-2baac85e96ca
hạnh phích quá c ạ,6877,41015c66-4ae5-5daf-9637-5305b1fd084c
mình gửi bao nhiêu ảnh tham gia cũng được hả bạn,6877,3eab8487-5eb8-5a72-b235-22448e6d5283
dành cho độ tuổi bao nhiêu vậy chị ?,6877,f364e0d2-5f10-52c0-be3c-d41ee800dc8c
chương trình này bao giờ end thế chị ?,6877,6b8f2af3-4c94-53d8-9292-477b777fc817
chương trình này bao giờ end thế chị ?,6877,4b6b2ded-72d4-5de2-8bc1-b5996013fa5e
"< img src= '' http : //forums.voz.vn/images/smilies/off/canny.gif '' border= '' __d__ '' alt= '' '' title= '' canny '' class= '' inlineimg '' > < img src= '' http : //forums.voz.vn/images/smilies/off/canny.gif '' border= '' __d__ '' alt= '' '' title= '' canny '' class= '' inlineimg '' > đcm nhà nó vị thì nhạt nhạt , uống __d__ ngụm chỉ muốn chửi thề luôn đm cái thứ cà phê < img src= '' http : //forums.voz.vn/images/smilies/emos/lol.gif '' border= '' __d__ '' alt= '' '' title= '' lol '' class= '' inlineimg '' > gì mà uống chán thế này ,",6877,92e1ef19-1e4a-5ec1-ba4e-614a99d28f2f
cut cưc cua aj vay lih đa,6877,05f48d60-4ea4-5fcc-86c1-78ecff403198
kênh truyền thống có bán ko nhỉ ?,6877,36a157bc-0a0a-57e8-8048-c029220229a9
ca phe phin co ngon ko gia bao nhieu mot kg,6877,0d2536a5-d70a-501b-9541-6c1447ad0483
nescafe bn __d__thung vay ban,6877,6b9b9707-3b98-5807-a7c5-37137e38f1ae
< div > < div class= '' smallfont '' > quote : < /div > < table cellpadding= '' __d__ '' cellspacing= '' __d__ '' border= '' __d__ '' width= '' __d__ % '' class= '' voz-bbcode-quote '' > < tbody > < tr > < td class= '' alt__d__ '' > < div > originally posted by < strong > clone.everywhere.__d__ < /strong > < a rel= '' nofollow '' > < img class= '' inlineimg '' src= '' http : //forums.voz.vnimages/buttons/viewpost.gif '' border= '' __d__ '' alt= '' view post '' > < /a > < /div >,6877,ead85ced-15ba-54ac-84c6-9f985822f4e3
< a class= '' username author bdposttree_replyposter '' dir= '' auto '' > khunghoang kinhte __d__ < /a > < div class= '' bdposttree_parentquote hash-__d__e__d__b__d__ac__d__d__d__ec__d__e__d__e '' > < div class= '' bbcodeblock bbcodequote '' > < div class= '' attribution type '' > vietnew__d__ đã nói : < a class= '' attributionlink '' > ↑ < /a > < /div > < blockquote class= '' quotecontainer '' > < div class= '' quote '' > klq nhưng có cocacola rồi sao còn sprite là sao ? ? ? ? ? < /div > < div class= '' quoteexpand '' >,6877,3bb2c607-08c3-5cb9-a8a8-6168d3eff141
cafe sữa đá thay mẫu hộp moi rui chất lương hk bang hộp cũ,6877,7097625d-9083-51a4-9067-91b9a15737c4
mình còn khuyến mãi __d__ hộp tặng ly sứ ko ?,6877,c98d3b50-9dbf-5016-9ea0-f67be74ebf3b
bao nhieu __d__hop vay,6877,8d09059b-e888-52a9-b8ed-85a0950c994a
xin hỏi nhà sx necafe phải mua bao nhiêu hộp sản phẩm thì được tặng chiếc li đỏ ạ,6877,765c1676-2fe2-5726-8553-77a3aedf52b4
ve kinh doanh gia bn vay,6877,ead53332-1871-5e72-9bce-218ac955a91c
gia nét cà phê xanh đỏ bao nhieu vay,6877,5f41c818-2c0c-52f6-af7f-e4e8d9219ddb
bán cho mình __d__ hộp,6877,9e133f27-d952-5a75-88bc-1e8f428f416a
cho mình hỏi có cà phê ko ngọt ko nhưng mà gói ý,6877,ea3bd61d-7c31-52ce-8165-f251daa759fc
choi nh zu vay ne hihi,6877,9c282ef6-4bd8-5db3-b895-e81256b529aa
chương trình này bao giờ end thế chị ?,6877,2ead3caa-6886-5ade-a8a8-94b0833263b3
nescafe có chương trình khuyến mại gì không ad ơi,6877,6638c990-d792-5a4e-be4f-2b046ac68da9
chai smoovlatté bnh thế ? : -o,6877,09c891c3-458c-58e3-826f-98796f132e5c
cafe này uống ngon ko em ? nhìn bao bì soang trọng quá !,6877,5e59fc0e-1f8c-5793-9e73-0eada7c59b3a
< div > < div class= '' smallfont '' > quote : < /div > < table cellpadding= '' __d__ '' cellspacing= '' __d__ '' border= '' __d__ '' width= '' __d__ % '' class= '' voz-bbcode-quote '' > < tbody > < tr > < td class= '' alt__d__ '' > < div > originally posted by < strong > atula__d__ < /strong > < a rel= '' nofollow '' > < img class= '' inlineimg '' src= '' http : //forums.voz.vnimages/buttons/viewpost.gif '' border= '' __d__ '' alt= '' view post '' > < /a > < /div >,6877,bcf43834-1aa6-5644-bc52-121c9f85c71f
< div > < div class= '' smallfont '' > quote : < /div > < table cellpadding= '' __d__ '' cellspacing= '' __d__ '' border= '' __d__ '' width= '' __d__ % '' class= '' voz-bbcode-quote '' > < tbody > < tr > < td class= '' alt__d__ '' > < div > originally posted by < strong > vuthanh__d__ < /strong > < a rel= '' nofollow '' > < img class= '' inlineimg '' src= '' http : //forums.voz.vnimages/buttons/viewpost.gif '' border= '' __d__ '' alt= '' view post '' > < /a > < /div >,6877,1fbf91ad-c897-594f-990d-f1de6bc4c5f6
< div > < div class= '' smallfont '' > quote : < /div > < table cellpadding= '' __d__ '' cellspacing= '' __d__ '' border= '' __d__ '' width= '' __d__ % '' class= '' voz-bbcode-quote '' > < tbody > < tr > < td class= '' alt__d__ '' > < div > originally posted by < strong > woodytheevil < /strong > < a rel= '' nofollow '' > < img class= '' inlineimg '' src= '' http : //forums.voz.vnimages/buttons/viewpost.gif '' border= '' __d__ '' alt= '' view post '' > < /a > < /div >,6877,43a5a593-f099-5e44-b891-63a6cd2d2ee2
< div > < div class= '' smallfont '' > quote : < /div > < table cellpadding= '' __d__ '' cellspacing= '' __d__ '' border= '' __d__ '' width= '' __d__ % '' class= '' voz-bbcode-quote '' > < tbody > < tr > < td class= '' alt__d__ '' > < div > originally posted by < strong > redbaronv < /strong > < a rel= '' nofollow '' > < img class= '' inlineimg '' src= '' http : //forums.voz.vnimages/buttons/viewpost.gif '' border= '' __d__ '' alt= '' view post '' > < /a > < /div >,6877,8d6c0158-93f1-5b71-aff9-3cc3c90ed29f
< div > < div class= '' smallfont '' > quote : < /div > < table cellpadding= '' __d__ '' cellspacing= '' __d__ '' border= '' __d__ '' width= '' __d__ % '' class= '' voz-bbcode-quote '' > < tbody > < tr > < td class= '' alt__d__ '' > < div > originally posted by < strong > hahang__d__ < /strong > < a rel= '' nofollow '' > < img class= '' inlineimg '' src= '' http : //forums.voz.vnimages/buttons/viewpost.gif '' border= '' __d__ '' alt= '' view post '' > < /a > < /div >,6877,beae4a7b-4696-5ffb-81e3-3aab3bfd0c8d
< div > < div class= '' smallfont '' > quote : < /div > < table cellpadding= '' __d__ '' cellspacing= '' __d__ '' border= '' __d__ '' width= '' __d__ % '' class= '' voz-bbcode-quote '' > < tbody > < tr > < td class= '' alt__d__ '' > < div > originally posted by < strong > [ r ] ogers < /strong > < a rel= '' nofollow '' > < img class= '' inlineimg '' src= '' http : //forums.voz.vnimages/buttons/viewpost.gif '' border= '' __d__ '' alt= '' view post '' > < /a >,6877,67acc9d1-185b-552d-a4ad-17760f5cec9c
< div > < div class= '' smallfont '' > quote : < /div > < table cellpadding= '' __d__ '' cellspacing= '' __d__ '' border= '' __d__ '' width= '' __d__ % '' class= '' voz-bbcode-quote '' > < tbody > < tr > < td class= '' alt__d__ '' > < div > originally posted by < strong > hahang__d__ < /strong > < a rel= '' nofollow '' > < img class= '' inlineimg '' src= '' http : //forums.voz.vnimages/buttons/viewpost.gif '' border= '' __d__ '' alt= '' view post '' > < /a > < /div >,6877,79fcd0cd-7e06-56ab-a29b-be2327e4a2ac
< div > < div class= '' smallfont '' > quote : < /div > < table cellpadding= '' __d__ '' cellspacing= '' __d__ '' border= '' __d__ '' width= '' __d__ % '' class= '' voz-bbcode-quote '' > < tbody > < tr > < td class= '' alt__d__ '' > < div > originally posted by < strong > andreacaldwell__d__ < /strong > < a rel= '' nofollow '' > < img class= '' inlineimg '' src= '' http : //forums.voz.vnimages/buttons/viewpost.gif '' border= '' __d__ '' alt= '' view post '' > < /a > < /div >,6877,4172d8d4-7b60-5f7b-8cf7-d9f8b5bc5f20
< div > < div class= '' smallfont '' > quote : < /div > < table cellpadding= '' __d__ '' cellspacing= '' __d__ '' border= '' __d__ '' width= '' __d__ % '' class= '' voz-bbcode-quote '' > < tbody > < tr > < td class= '' alt__d__ '' > < div > originally posted by < strong > pla_ta < /strong > < a rel= '' nofollow '' > < img class= '' inlineimg '' src= '' http : //forums.voz.vnimages/buttons/viewpost.gif '' border= '' __d__ '' alt= '' view post '' > < /a > < /div >,6877,d24c3441-c749-5545-b7f2-429f56714f21
< div > < div class= '' smallfont '' > quote : < /div > < table cellpadding= '' __d__ '' cellspacing= '' __d__ '' border= '' __d__ '' width= '' __d__ % '' class= '' voz-bbcode-quote '' > < tbody > < tr > < td class= '' alt__d__ '' > < div > originally posted by < strong > party_summer_night < /strong > < a rel= '' nofollow '' > < img class= '' inlineimg '' src= '' http : //forums.voz.vnimages/buttons/viewpost.gif '' border= '' __d__ '' alt= '' view post '' > < /a > < /div >,6877,6c9dc2f6-80fb-5c20-a5bf-82fa7ae49b98
< div > < div class= '' smallfont '' > quote : < /div > < table cellpadding= '' __d__ '' cellspacing= '' __d__ '' border= '' __d__ '' width= '' __d__ % '' class= '' voz-bbcode-quote '' > < tbody > < tr > < td class= '' alt__d__ '' > < div > originally posted by < strong > cauthungoaihang < /strong > < a rel= '' nofollow '' > < img class= '' inlineimg '' src= '' http : //forums.voz.vnimages/buttons/viewpost.gif '' border= '' __d__ '' alt= '' view post '' > < /a > < /div >,6877,5b4352e4-0163-5f0f-bc13-981a1be15549
< div > < div class= '' smallfont '' > quote : < /div > < table cellpadding= '' __d__ '' cellspacing= '' __d__ '' border= '' __d__ '' width= '' __d__ % '' class= '' voz-bbcode-quote '' > < tbody > < tr > < td class= '' alt__d__ '' > < div > originally posted by < strong > ngaycuoinam__d__ < /strong > < a rel= '' nofollow '' > < img class= '' inlineimg '' src= '' http : //forums.voz.vnimages/buttons/viewpost.gif '' border= '' __d__ '' alt= '' view post '' > < /a > < /div >,6877,f10d0a43-8c60-552b-a7cd-55d84af1e65d
< div > < div class= '' smallfont '' > quote : < /div > < table cellpadding= '' __d__ '' cellspacing= '' __d__ '' border= '' __d__ '' width= '' __d__ % '' class= '' voz-bbcode-quote '' > < tbody > < tr > < td class= '' alt__d__ '' > < div > originally posted by < strong > tuanlua__d__ < /strong > < a rel= '' nofollow '' > < img class= '' inlineimg '' src= '' http : //forums.voz.vnimages/buttons/viewpost.gif '' border= '' __d__ '' alt= '' view post '' > < /a > < /div >,6877,5264faca-97c2-59bd-867f-3537d9dcd23d
< div > < div class= '' smallfont '' > quote : < /div > < table cellpadding= '' __d__ '' cellspacing= '' __d__ '' border= '' __d__ '' width= '' __d__ % '' class= '' voz-bbcode-quote '' > < tbody > < tr > < td class= '' alt__d__ '' > < div > originally posted by < strong > tuannguyen__d__ < /strong > < a rel= '' nofollow '' > < img class= '' inlineimg '' src= '' http : //forums.voz.vnimages/buttons/viewpost.gif '' border= '' __d__ '' alt= '' view post '' > < /a > < /div >,6877,14294497-8125-5227-a9a1-fb7ed6b4c6a8
< div > < div class= '' smallfont '' > quote : < /div > < table cellpadding= '' __d__ '' cellspacing= '' __d__ '' border= '' __d__ '' width= '' __d__ % '' class= '' voz-bbcode-quote '' > < tbody > < tr > < td class= '' alt__d__ '' > < div > originally posted by < strong > tuanlua__d__ < /strong > < a rel= '' nofollow '' > < img class= '' inlineimg '' src= '' http : //forums.voz.vnimages/buttons/viewpost.gif '' border= '' __d__ '' alt= '' view post '' > < /a > < /div >,6877,f51af62e-ddde-57db-93d0-937a80acba4a
< div > < div class= '' smallfont '' > quote : < /div > < table cellpadding= '' __d__ '' cellspacing= '' __d__ '' border= '' __d__ '' width= '' __d__ % '' class= '' voz-bbcode-quote '' > < tbody > < tr > < td class= '' alt__d__ '' > < div > originally posted by < strong > andreacaldwell__d__ < /strong > < a rel= '' nofollow '' > < img class= '' inlineimg '' src= '' http : //forums.voz.vnimages/buttons/viewpost.gif '' border= '' __d__ '' alt= '' view post '' > < /a > < /div >,6877,8f1e195f-238c-590b-bed6-6b797b655073
< div > < div class= '' smallfont '' > quote : < /div > < table cellpadding= '' __d__ '' cellspacing= '' __d__ '' border= '' __d__ '' width= '' __d__ % '' class= '' voz-bbcode-quote '' > < tbody > < tr > < td class= '' alt__d__ '' > < div > originally posted by < strong > tpdt__d__ < /strong > < a rel= '' nofollow '' > < img class= '' inlineimg '' src= '' http : //forums.voz.vnimages/buttons/viewpost.gif '' border= '' __d__ '' alt= '' view post '' > < /a > < /div >,6877,9a8cd185-c8ca-5a2e-a721-a4a450cc26b6
< div > < div class= '' smallfont '' > quote : < /div > < table cellpadding= '' __d__ '' cellspacing= '' __d__ '' border= '' __d__ '' width= '' __d__ % '' class= '' voz-bbcode-quote '' > < tbody > < tr > < td class= '' alt__d__ '' > < div > originally posted by < strong > tuanlua__d__ < /strong > < a rel= '' nofollow '' > < img class= '' inlineimg '' src= '' http : //forums.voz.vnimages/buttons/viewpost.gif '' border= '' __d__ '' alt= '' view post '' > < /a > < /div >,6877,5df01673-a8ff-56a7-8e64-e9b6f7980525
< div > < div class= '' smallfont '' > quote : < /div > < table cellpadding= '' __d__ '' cellspacing= '' __d__ '' border= '' __d__ '' width= '' __d__ % '' class= '' voz-bbcode-quote '' > < tbody > < tr > < td class= '' alt__d__ '' > < div > originally posted by < strong > kilia__d__ < /strong > < a rel= '' nofollow '' > < img class= '' inlineimg '' src= '' http : //forums.voz.vnimages/buttons/viewpost.gif '' border= '' __d__ '' alt= '' view post '' > < /a > < /div >,6877,f8d7ac99-b611-57e2-b21b-f99eeb8e05f5
< div > < div class= '' smallfont '' > quote : < /div > < table cellpadding= '' __d__ '' cellspacing= '' __d__ '' border= '' __d__ '' width= '' __d__ % '' class= '' voz-bbcode-quote '' > < tbody > < tr > < td class= '' alt__d__ '' > < div > originally posted by < strong > andreacaldwell__d__ < /strong > < a rel= '' nofollow '' > < img class= '' inlineimg '' src= '' http : //forums.voz.vnimages/buttons/viewpost.gif '' border= '' __d__ '' alt= '' view post '' > < /a > < /div >,6877,d08127ad-1e01-5857-9479-682e404b01ce
< div > < div class= '' smallfont '' > quote : < /div > < table cellpadding= '' __d__ '' cellspacing= '' __d__ '' border= '' __d__ '' width= '' __d__ % '' class= '' voz-bbcode-quote '' > < tbody > < tr > < td class= '' alt__d__ '' > < div > originally posted by < strong > andreacaldwell__d__ < /strong > < a rel= '' nofollow '' > < img class= '' inlineimg '' src= '' http : //forums.voz.vnimages/buttons/viewpost.gif '' border= '' __d__ '' alt= '' view post '' > < /a > < /div >,6877,280d254b-fb45-57e2-843b-3b3455d73b9d
< div > < div class= '' smallfont '' > quote : < /div > < table cellpadding= '' __d__ '' cellspacing= '' __d__ '' border= '' __d__ '' width= '' __d__ % '' class= '' voz-bbcode-quote '' > < tbody > < tr > < td class= '' alt__d__ '' > < div > originally posted by < strong > andreacaldwell__d__ < /strong > < a rel= '' nofollow '' > < img class= '' inlineimg '' src= '' http : //forums.voz.vnimages/buttons/viewpost.gif '' border= '' __d__ '' alt= '' view post '' > < /a > < /div >,6877,217694bc-8bc8-5638-b088-e204ac5cb63a
bán ở đâu và giá bn __d__ lon,6877,561884bb-4ca1-5c4d-9b19-d11982f7c364
bao nhiêu __d__lon,6877,35a95350-b1b5-5707-8ce4-c71896f20041
bao nhieu tien lon vay ? chang thay o dau ban loai nay,6877,d44a3f58-6551-58f9-96a5-b4c0da32ef53
bao tiền __d__non vay,6877,330a8523-8015-5175-af77-ee2374ab67e0
cho hỏi thành phần có bao nhiêu % là cà phê .,6877,c09a5ba6-2274-5415-95f4-a0fd97bcf61c
"< a class= '' username author bdposttree_replyposter '' dir= '' auto '' > hlgvn < /a > < div class= '' bdposttree_parentquote hash-b__d__f__d__a__d__ecfc__d__de__d__e__d__dd '' > < div class= '' bbcodeblock bbcodequote '' > < div class= '' attribution type '' > airblade__d__ đã nói : < a class= '' attributionlink '' > ↑ < /a > < /div > < blockquote class= '' quotecontainer '' > < div class= '' quote '' > vn có chỗ nào bán decaf không anh em nhỉ , mình nghe nói là lấy đất xung quanh cây cafe pha ra cái này < /div",6877,924f092a-90ac-5c7f-89c7-d539a99228b4
tôi mua trên __d__k và có cafe sữa nhưng ko có quà . hỏi tổng đài thì bảo phải có hộp cafe sữa __d__ in __d__ hộp __d__ gói . mình mua hẳn hộp __d__ gói cơ mà . vậy tại sao ko ghi rõ điều kiện là hộp __d__ gói mà ghi chung chung là hộp cafe sữa __d__ in __d__ ?,6877,c0cfa0ad-1e07-5418-b929-a1c9865e3e1e
"< span class= '' bold '' > < img class= '' logo-small t-j '' title= '' '' src= '' https : //vnn-imgs-f.vgcloud.vn/logo.gif '' alt= '' '' > liên tục sắm siêu xe , chi __d__ tỷ đô la mua sách tặng giới trẻ , ... bà lê hoàng diệp thảo bày tỏ sự lo ngại về tình hình tài chính của trung nguyên . đột nhiên , ông < a > đặng lê nguyên vũ < /a > xuất hiện , lên tiếng giải thích những thông tin trái chiều về bản thân và tình hình nội bộ của tập",6877,a5b34e6a-405f-5e49-b4fd-3687d93898f7
"< div class= '' articlecontent '' > < p > < span class= '' bold '' > < img class= '' logo-small t-j '' title= '' '' src= '' https : //images__d__-focus-opensocial.googleusercontent.com/gadgets/proxy ? container=focus & gadget=a & no_expand=__d__ & refresh=__d__ & url=https : //vnn-imgs-f.vgcloud.vn/logo.gif '' alt= '' '' > liên tục sắm siêu xe , chi __d__ tỷ đô la mua sách tặng giới trẻ , ... bà < a title= '' lê hoàng diệp thảo '' > lê hoàng diệp thảo < /a > bày tỏ sự lo ngại về tình hình tài chính của trung nguyên . đột",6877,581a6c8a-1ab0-5518-a1d9-b97643ad692d
"< div class= '' clearfix cms-body '' > < img src= '' http : //image.plo.vn/w__d__/uploaded/__d__/vnorgt/__d_____d_____d__/tinhotrophilannestle-buaansanganon_acfg.jpg '' alt= '' thói quen bữa sáng giàu năng lượng , vui khỏe cùng nestle '' class= '' cms-photo '' > < /div > < br > < div > ( plo ) -nestlé khuyến khích người tiêu dùng hình thành một thói quen ăn sáng đủ năng lượng và vui khỏe bên gia đình , người thân… < /div > < br > < div id= '' abody '' class= '' cms-body '' > < p > theo một nghiên cứu năm __d__ của",6877,ebaa7eeb-daa8-5ec9-a2e5-6fe4b6bc780d
"< iframe frameborder= '' __d__ '' marginheight= '' __d__ '' marginwidth= '' __d__ '' width= '' __d__ % '' id= '' detail_iframe_id '' > < /iframe > < br > < img src= '' https : //baomoi-photo-__d__-td.zadn.vn/w__d___r__d__/__d__/__d__/__d__/__d__/__d__/__d_____d__.jpg '' > < br > < em > ông bùi văn nam , tổng cục trưởng tổng cục thuế và ông vũ tiến lộc , chủ tịch phòng thương mại và công nghiệp việt nam ( vcci ) trao hoa và kỷ niệm chương cho đại diện công ty tnhh nestlé việt nam tại lễ công bố < /em > < br >",6877,97d5216e-9d2a-50fb-b4ad-a149229d540c
< div > < div class= '' smallfont '' > quote : < /div > < table cellpadding= '' __d__ '' cellspacing= '' __d__ '' border= '' __d__ '' width= '' __d__ % '' class= '' voz-bbcode-quote '' > < tbody > < tr > < td class= '' alt__d__ '' > < div > originally posted by < strong > chimlon__d__ < /strong > < a rel= '' nofollow '' > < img class= '' inlineimg '' src= '' http : //forums.voz.vnimages/buttons/viewpost.gif '' border= '' __d__ '' alt= '' view post '' > < /a > < /div >,6877,dbff4f5f-f42f-509a-bf0c-b9c87311d35a
< div > < div class= '' smallfont '' > quote : < /div > < table cellpadding= '' __d__ '' cellspacing= '' __d__ '' border= '' __d__ '' width= '' __d__ % '' class= '' voz-bbcode-quote '' > < tbody > < tr > < td class= '' alt__d__ '' > < div > originally posted by < strong > venky < /strong > < a rel= '' nofollow '' > < img class= '' inlineimg '' src= '' http : //forums.voz.vnimages/buttons/viewpost.gif '' border= '' __d__ '' alt= '' view post '' > < /a > < /div >,6877,24a449a8-ca91-5fa9-9609-49d978f0bc0b
bn __d__ hộp vậy,6877,fb204ead-f52f-5faa-8ce5-1fe42dccab2e
bao nhiu __d__hop vay ad,6877,03b628b8-e440-5779-a4da-86d55dec693c
< div > < div class= '' smallfont '' > quote : < /div > < table cellpadding= '' __d__ '' cellspacing= '' __d__ '' border= '' __d__ '' width= '' __d__ % '' class= '' voz-bbcode-quote '' > < tbody > < tr > < td class= '' alt__d__ '' > < div > originally posted by < strong > realmadridno__d__ < /strong > < a rel= '' nofollow '' > < img class= '' inlineimg '' src= '' http : //forums.voz.vnimages/buttons/viewpost.gif '' border= '' __d__ '' alt= '' view post '' > < /a > < /div >,6877,3cc7ef9d-33a3-5cf8-b044-df76251205c0
cafe cos pha bin .uon moi bo nge bn,6877,dcec9997-69ed-51f6-978a-968782f3fc10
em xin giá ạ,6877,17f01f48-c4a1-5eb1-94fb-b9bc71a504f9
bao nhiêu tiền __d__ vỉ hả ad,6877,cd290844-06b4-5365-8f3f-586f2e577086
__d__ bịch bao nhiêu gram sao ko thay devay,6877,1d7d9a07-be7d-51d2-a624-582a23daba4d
< img src= '' https : //laz-img-cdn.alicdn.com/tfs/tb__d__btm__d__xqswbunjsszdxxbespxa-__d__-__d__.png '' class= '' pdp-mod-product-badge '' alt= '' badge '' > nescafé __d__in__d__ đậm đà hài hòa ( hộp __d__ x __d__g ),6877,96abe04b-9d50-5bf9-8c24-8034e95afd07
"< iframe frameborder= '' __d__ '' marginheight= '' __d__ '' marginwidth= '' __d__ '' width= '' __d__ % '' id= '' detail_iframe_id '' > < /iframe > < br > < img src= '' https : //photo-__d__-baomoi.zadn.vn/w__d___r__d__/__d_____d_____d_____d_____d__/dbb__d__e__d__a__d__.jpg '' > < br > < em > toàn cảnh hội thi < /em > < br > hội thi thu hút __d__ nông dân tiêu biểu tại đắk lắk , gia lai và lâm đồng , riêng tại đắk nông sẽ tập hợp __d__ nông dân ( tổng là __d__ nông dân tham gia ) . < br > theo ban tổ",6877,3d85440e-506c-574e-9ebb-7c810d880a0d
"< h__d__ id= '' plhmain_newsdetail__d___divsapolive '' class= '' sapo '' > tuy có nhiều tiềm năng phát triển cà phê , song khu vực tây nguyên cũng đối mặt với thách thức từ phương thức canh tác lạc hậu và quá trình biến đổi khí hậu . điều này đòi hỏi ngành cà phê phải thay đổi để sản xuất bền vững và mang lại giá trị cao hơn . < /h__d__ > < div id= '' plhmain_newsdetail__d___divcontentlive '' class= '' boxdetail '' > < div id= '' divfirst '' > < p > < strong > thích ứng với",6877,99751af7-7018-5b0d-b978-5e157686ea08
< strong > < /strong > < br > < img alt= '' '' src= '' http : //channel.mediacdn.vn/prupload/__d__/__d__/__d__/img___d__.png '' > < img alt= '' '' src= '' http : //channel.mediacdn.vn/prupload/__d__/__d__/__d__/img___d__.png '' > < img alt= '' '' src= '' http : //channel.mediacdn.vn/prupload/__d__/__d__/__d__/img___d__.png '' > < img alt= '' '' src= '' http : //channel.mediacdn.vn/prupload/__d__/__d__/__d__/img___d__.png '' > < img alt= '' '' src= '' http : //channel.mediacdn.vn/prupload/__d__/__d__/__d__/img___d__.png '' > < img alt= '' '' src= '' http : //channel.mediacdn.vn/prupload/__d__/__d__/__d__/img___d__.png '' > < p class= '' p-author '' > < strong class= '' detail-author '' > ánh dương < /strong >,6877,4c1c2cd7-7aa3-5ee6-b894-05b35afc71f1
"< h__d__ class= '' article-content__d__ article-content__d__ '' > < div id= '' ctl__d___placeholdermain_g_d__d__e__d__f__d_____d__e__d_____d__d__d_____d__fab___d__aead__d__db__d__ '' > ( tbtco ) - công ty nestlé việt nam vừa tổ chức chuyến đi dành cho các phóng viên quốc tế đến thăm mô hình canh tác cà phê bền vững nescafé plan cũng như tìm hiểu hoạt động gắn kết với nông dân , hoàn thiện chuỗi giá trị cà phê từ trang trại cà phê đến người tiêu dùng . < /div > < /h__d__ > < div id= '' ctl__d___placeholdermain_g___d__f__d__c__d_____d_____d___a__d__f__d___c__d__bc__d__ '' > < div class= '' main-showeditdetail '' > < div class=",6877,455c3774-367d-5a1b-be17-76bf6f8700d0
< h__d__ class= '' article-content__d__ article-content__d__ '' > < div id= '' ctl__d___placeholdermain_g_d__d__e__d__f__d_____d__e__d_____d__d__d_____d__fab___d__aead__d__db__d__ '' > ( tbtco ) - công ty nestlé việt nam vừa ký cam kết khẳng định ủng hộ các nguyên tắc trao quyền cho phụ nữ ( women ’ s empowerment principles - wep ) với cơ quan liên hiệp quốc về bình đẳng giới và trao quyền cho phụ nữ ( un women ) và un global compact. < br > < /div > < /h__d__ > < div id= '' ctl__d___placeholdermain_g___d__f__d__c__d_____d_____d___a__d__f__d___c__d__bc__d__ '' > < div class= '' main-showeditdetail '' > < div class= '',6877,4e962698-e228-558b-98ba-1d436e3b35f1
"< h__d__ class= '' article-content__d__ article-content__d__ '' > < div id= '' ctl__d___placeholdermain_g_d__d__e__d__f__d_____d__e__d_____d__d__d_____d__fab___d__aead__d__db__d__ '' > ( tbtco ) - tiếp tục chuỗi sự kiện trong chương trình “ ngày cà phê việt nam ” lần thứ __d__ ( ngày __d__ đến __d__/__d__ tại thị xã gia nghĩa ) , ngày __d__/__d__ , tại trung tâm hội nghị tỉnh đắk nông đã diễn ra hội thảo phát triển bền vững ngành cà phê việt nam . < /div > < /h__d__ > < div id= '' ctl__d___placeholdermain_g___d__f__d__c__d_____d_____d___a__d__f__d___c__d__bc__d__ '' > < div class= '' main-showeditdetail '' > < div class= '' img-page",6877,3cdc433d-d20b-5793-9734-48623f08dfad
< img src= '' https : //laz-img-cdn.alicdn.com/tfs/tb__d__qk__d__sjmzqk__d__rjszflxxcn__d__xxa-__d__-__d__.png '' class= '' pdp-mod-product-badge '' alt= '' badge '' > nescafé café việt cà phê sữa đá dạng hộp __d__x__d__g,6877,4f474949-141b-5a5b-af57-adaf124111b7
"< div class= '' tindnd clearfix '' > < div id= '' listnewsincontent '' > < span class= '' title_box '' > < a title= '' tinh doanh nghiệp '' > tin mới < /a > < /span > < ul id= '' listnewestdetail '' > < /ul > < /div > < /div > < span id= '' maincontent '' > < p > < b > chưa có tiêu chuẩn sạch đối với cà phê rang xay < /b > < br > < /p > < p > ông nguyễn viết vinh , tổng thư ký hiệp",6877,6e7b02bd-748c-53ca-b105-4aaf61a3331a
< span class= '' time '' > __d__/__d__/__d__ __d__:__d__ pm < /span > < span class= '' gach '' > | < /span > < span class= '' cat '' > < a title= '' kinh doanh '' > kinh doanh < /a > < /span > < br > < div class= '' sharefbdetail '' > < a rel= '' nofollow '' > < i class= '' iconsharefbv__d__ '' > < /i > < span class= '' countsharefb '' > < /span > < /a > < /div > < div class= '' fblikewrap '' > < div class=,6877,674a1245-dcaa-5af0-875b-90b2317984f7
co chuyen ji vay e,6877,c7949aaf-291c-55f1-a532-dafb21043d46
sỉ giá sao e,6877,08c8a8f2-78dd-5824-9246-c12650d5ac25
"chào bạn , bạn muốn hỏi giá sản phẩm nào ạ ?",6877,3d3fbec2-23d1-5cce-8619-272524413866
bao tien mot ngoi vay,6877,0d93fa25-3c97-521f-aa31-0ee0e622467a
< div > < div class= '' smallfont '' > quote : < /div > < table cellpadding= '' __d__ '' cellspacing= '' __d__ '' border= '' __d__ '' width= '' __d__ % '' class= '' voz-bbcode-quote '' > < tbody > < tr > < td class= '' alt__d__ '' > < div > originally posted by < strong > donchina < /strong > < a rel= '' nofollow '' > < img class= '' inlineimg '' src= '' http : //forums.voz.vnimages/buttons/viewpost.gif '' border= '' __d__ '' alt= '' view post '' > < /a > < /div >,6877,53bac77f-f1c6-5cae-a27b-5471196c3811
lay duoc tien chua ?,6877,db0dbef0-b571-5102-9b15-e21e46bee138
cho a dit cai nhi oi,6877,7f365aab-b99f-546b-9ec0-f4de89a73fcd
< div > < div class= '' smallfont '' > quote : < /div > < table cellpadding= '' __d__ '' cellspacing= '' __d__ '' border= '' __d__ '' width= '' __d__ % '' class= '' voz-bbcode-quote '' > < tbody > < tr > < td class= '' alt__d__ '' > < div > originally posted by < strong > i 'm vitzzy v__d__ < /strong > < a rel= '' nofollow '' > < img class= '' inlineimg '' src= '' http : //vozforums.comimages/buttons/viewpost.gif '' border= '' __d__ '' alt= '' view post '' > < /a >,6877,deb10785-bac2-5db9-b4fb-d3ec5719f739
"ai có nescafe báo giá cho m nhé , mình cần __d__ hộp",6877,0dab7738-253f-5a38-b559-6872f093e934
loai den bao nhieu,6877,2c150232-fe39-5e03-86c0-ae28a1f62049
cho mình hỏi cty mình có sale chào hàng cho cửa hàng tạp hóa ko ạ,6877,a908ca57-1292-519d-af29-8d8bf3fd5345
woossi tv em,6877,fb43e9d4-7578-54ec-b6bf-c083efe5bda9
woossi tv em,6877,86077932-ff94-53ee-b11f-15a88cc071e3
woossi tv em,6877,7a3bd06f-d65c-5138-837f-eb5d1442d1ee
"< h__d__ class= '' article-content__d__ article-content__d__ '' > < div id= '' ctl__d___placeholdermain_g_d__d__e__d__f__d_____d__e__d_____d__d__d_____d__fab___d__aead__d__db__d__ '' > ( tbtco ) - `` ông lớn '' trong lĩnh vực sản xuất thực phẩm nestle ( thụy sỹ ) cho biết sẽ chi __d__,__d__ tỷ usd cho starbucks để nhận được quyền bán các sản phẩm của starbucks trên toàn cầu . sự kết hợp này là nhằm khôi phục “ đế chế cà phê ” của cả hai doanh nghiệp . < /div > < /h__d__ > < div id= '' ctl__d___placeholdermain_g___d__f__d__c__d_____d_____d___a__d__f__d___c__d__bc__d__ '' > < div class= '' main-showeditdetail '' > < div",6877,28d146d0-c7ee-510f-a8cd-bbf742fc3165
bao nhiêu một hộp caphe hộp màu xanh,6877,1c50e522-dd92-58c4-867b-8018290da68c
cho hoi mua __d__hop co tang ly ko vay,6877,1d4944f4-f35b-56f8-ae95-688d7592db3f
cho hoi mua __d__ hop co tang ly ko ạ,6877,2a201e7c-be59-5d5f-8c60-b9c9fa533ecc
chị muốn mua __d__ bịch lớn có tiền ship ko,6877,ca00b846-972c-5ba5-9f95-673ab357dc16
< div > < div class= '' smallfont '' > quote : < /div > < table cellpadding= '' __d__ '' cellspacing= '' __d__ '' border= '' __d__ '' width= '' __d__ % '' class= '' voz-bbcode-quote '' > < tbody > < tr > < td class= '' alt__d__ '' > < div > originally posted by < strong > vys__d__ < /strong > < a rel= '' nofollow '' > < img class= '' inlineimg '' src= '' http : //vozforums.comimages/buttons/viewpost.gif '' border= '' __d__ '' alt= '' view post '' > < /a > < /div >,6877,6efb3b30-5590-5a01-8558-c34200e3205e
"< h__d__ id= '' plhmain_newsdetail__d___divsapolive '' class= '' sapo '' > công ty nestlé việt nam ganesan ampalavanar cắt băng khánh thành dây chuyền sản xuất viên nén nescafé dolce gusto tại nhà máy nestlé trị an , khu công nghiệp amata , biên hòa , tỉnh đồng nai vào ngày __d__/__d__ . < /h__d__ > < div id= '' plhmain_newsdetail__d___divcontentlive '' class= '' boxdetail '' > < div > < div align= '' center '' > < table class= '' boxdoituong '' width= '' __d__ '' cellpadding= '' __d__ '' > < tbody > < tr > < td",6877,6afd3e82-2f51-579e-be3e-596270b94ca1
"< iframe frameborder= '' __d__ '' marginheight= '' __d__ '' marginwidth= '' __d__ '' width= '' __d__ % '' id= '' detail_iframe_id '' > < /iframe > < br > < img src= '' https : //baomoi-photo-__d__-td.zadn.vn/w__d___r__d__/__d__/__d__/__d__/__d__/__d__/__d_____d__.jpg '' > < br > < em > các vị đại biểu cắt băng khánh thành dây chuyền sản xuất viên nén nescafé dolce gusto < /em > < br > dây chuyền sản xuất viên nén nescafé dolce gusto sử dụng nguyên liệu thô hoàn toàn từ hạt cà phê việt nam chất lượng cao , cung cấp sản phẩm cà phê",6877,2d53069d-d4d4-50ce-b0be-c1a5f760cca3
"< h__d__ class= '' article-content__d__ article-content__d__ '' > < div id= '' ctl__d___placeholdermain_g_d__d__e__d__f__d_____d__e__d_____d__d__d_____d__fab___d__aead__d__db__d__ '' > ( tbtco ) - công ty nestlé việt nam vừa nhận được bằng khen của chủ tịch ubnd tỉnh đồng nai , vì có thành tích xuất sắc trong hoạt động sản xuất kinh doanh , đóng góp ngân sách và công tác xã hội từ thiện , tạo việc làm ổn định cho người lao động trên địa bàn tỉnh . < /div > < /h__d__ > < div id= '' ctl__d___placeholdermain_g___d__f__d__c__d_____d_____d___a__d__f__d___c__d__bc__d__ '' > < div class= '' main-showeditdetail '' > < div class=",6877,1eb0ff05-6f00-5130-8eac-cdbbd9754323
"< div > < /div > < br > < img border= '' __d__ '' src= '' https : //images__d__-focus-opensocial.googleusercontent.com/gadgets/proxy ? container=focus & gadget=a & no_expand=__d__ & refresh=__d__ & url=https : //vneconomy.mediacdn.vn/zoom/__d_____d__/__d__/__d__/__d__/__d__-__d__-__d__-__d__-__d__-__d__-crop-__d__.jpg '' width= '' '' height= '' __d__ '' > < p > chính phủ brazil dự báo sản lượng cà phê của nước này sẽ đạt __d__ triệu bao trong niên vụ __d__/__d__ , mức cao nhất từ trước đến nay . < /p > < br > < div class= '' contentdetail '' > < p > < b > giá cà phê trên thị trường thế",6877,685a6520-c4ab-558e-8459-ca02d0d7bd42
"< div class= '' tindnd clearfix '' > < div id= '' listnewsincontent '' > < span class= '' title_box '' > < a title= '' tinh doanh nghiệp '' > tin mới < /a > < /span > < ul id= '' listnewestdetail '' > < /ul > < /div > < /div > < span id= '' maincontent '' > < p > sau hơn __d__ tháng ra mắt sản phẩm nước ngọt có gas vị cà phê , coca-cola mới đây tiếp tục tung ra sản phẩm cà phê sữa uống liền mang tên georgia coffee max",6877,5fe9830c-0bc9-513f-87d6-9e165396956a
game của nestlé là bao la quà chế nhỉ ?,6877,2b6b4bed-9be2-5533-b6fe-c9c02c13baad
giá thành bao nhiêu vậy,6877,a22362b0-a5a8-5770-a529-e8e79b059f07
bao nhieu tien __d__kg,6877,5fafc152-db67-5140-8343-0b1cf7611980
cho xin cái giá,6877,d5cc740e-0c8f-5798-a18a-a6b3c0a0a07f
"vay la __d__ % cafe rang xay , ko kem tbeo bat ky phu gia khac khi rang xay phai ko vay ? ? ? neu co pha tron chat khac ko duoc goi __d__ % cafe nguyen chat",6877,8faacdcf-e932-50c5-b600-1adcd1008665
gia nhu the nao vay em,6877,630db3bb-c8ac-5727-b80f-23fa6b5f27e4
mua __d__ gói có dc tặng __d__ hộp sữa kp ad,6877,0f323d12-d034-5db3-a33e-6a0dd4f78ad9
cho hỏi bán giá bao nhiêu vậy và ban ở đâu vậy,6877,ab30c748-2f35-59e9-95b1-abd7a7b85ce4
cái này giá sao ad ? ? ?,6877,e557bd89-20cc-55cb-895f-9634dcd79661
gia ban bao nhieu __d__ hop,6877,c5d95db9-c4bb-570b-8b47-450aa13c71c7
giá sỉ sao ad ư,6877,20e06900-cad3-5daa-90a1-0aa424ab66cf
giá sao shop,6877,b94d1c60-10e2-59ad-93d9-e41efdacaf11
bao nhiêu một kg vay ban,6877,9ba87939-769e-5ffc-b80d-9c94834d0de5
cho minh hoi bao nhieu __d__ky vay co giao hang tan noi khong,6877,af5979ee-b846-5ce9-bfc3-38524f9902fe
bao nhiu __d__ bịch lớn vậy,6877,afae4192-e438-5e1f-96f2-3e374f9800b2
mình thấy game của nestlé bao giờ quà bao la ban à,6877,1aa333db-494b-5038-972b-d390ef803ccf
"cho em hỏi , nestlé có quy đổi quà thành tiền mặt ko nhỉ các bác",6877,5a1603fd-9603-5193-aedc-1f2241e08bde
giwor quà nestle này chị mua ở đâu vậy chị ơi,6877,512e8ec4-4f35-5855-8cb5-1466ec00e658
mua dk __d__ hộp cafe,6877,e35e7023-035a-5cc1-a507-6aa1144eefe1
co o rach gia ko vay,6877,02a4ceec-e14b-578c-a734-ebd9c3fa0806
__d__ hộp ko có hộp nào có thẻ cào tham gia lộc tết,6877,6513b19f-ec35-5604-9b39-a81c80d8d9eb
c mua hộp nescafe kia ở đâu vậy ạ,6877,04865136-37ee-56d2-a2e0-97ce7e7ec763
... < /br > cho mình hỏi giờ mua hàng vó được khuyến mại ly sứ ko shop < /br > __d__ sao,6877,5257478d-c569-52a3-abcd-1b4793dccd91
< div > < div class= '' smallfont '' > quote : < /div > < table cellpadding= '' __d__ '' cellspacing= '' __d__ '' border= '' __d__ '' width= '' __d__ % '' class= '' voz-bbcode-quote '' > < tbody > < tr > < td class= '' alt__d__ '' > < div > originally posted by < strong > gia__d__ < /strong > < a rel= '' nofollow '' > < img class= '' inlineimg '' src= '' http : //forums.voz.vnimages/buttons/viewpost.gif '' border= '' __d__ '' alt= '' view post '' > < /a > < /div >,6877,ace37c5d-187e-55ef-a63d-c857b6d1734e
a mua gọng kính ở đâu thế ạ,6877,0d110072-a8cd-50e5-a453-7b2a7ec70da9
thụ là j v bn mong bn tl,6877,89e04275-4f5d-5fc1-9a46-2c774c3d20cb
__d__ . số __d__ trên hộp kitkat __d__ . chữ `` heo '' và `` bò '' trên gói maggi __d__ . chữ `` fruits '' trên hộp foxs __d__ . chữ `` n '' khác màu trên gói maggi __d__ . hộp nescafe bên trái ông thần tài có cầm cục vàng . hộp bên phải thì không số may mắn : __d__ quyenn ngocc nguyễn lanna,6877,5b51efb4-2c99-50ac-bcbc-cea208f483dd
pow tv mình,6877,843137e0-844d-591c-93c8-60a23e727c46
< span class= '' time '' > __d__/__d__/__d__ __d__:__d__ pm < /span > < span class= '' gach '' > | < /span > < span class= '' cat '' > < a title= '' kinh doanh '' > kinh doanh < /a > < /span > < br > < div class= '' sharefbdetail '' > < a rel= '' nofollow '' > < i class= '' iconsharefbv__d__ '' > < /i > < span class= '' countsharefb '' > < /span > < /a > < /div > < div class= '' fblikewrap '' > < div class=,6877,19916d68-a0e7-5a37-9836-46f34d08c958
đơn từ __d__k của nescafe là được giảm __d__k hả chị,6877,7099859f-4fe2-5360-bce4-a4fd33fa0dd6
giá bao nhiêu vậy chị yến ưii❤️,6877,65e4ff78-e0a0-5d69-a267-f195aef8a4bf
nescafé smoovlatte caramel là sản phẩm đóng chai à c,6877,578465bd-58dc-52f2-be4c-3beedb57889e
tâm sự dùm e cafe này giá nhiêu đi,6877,f11d2b46-7805-57ad-bb54-e6ce96fdc266
giá bao nhiu v chi,6877,05c7bd14-3b1c-5b2d-ae3e-8d025da05b16
giá khoảng nhiu bác,6877,fa565ca9-3317-5b44-82d3-f3fa8ff4ac63
cái đó khoảng nhiu dạ bác,6877,bb09087f-6f8d-51af-b883-d2bf65d6335f
giá sao nàng u,6877,d656c761-a0f5-5574-a881-39109d3cf093
bao nhieu tien vay chi,6877,34500fc2-753d-5d86-a172-b69f36e0341f
mua o dau vay chi,6877,434cd7e6-c85d-5619-bc2a-77eb28e10b59
giá cả sao chị,6877,2a9c16f0-36fb-5cbe-ba75-199255d80f03
mua o dau vay chi,6877,7f0cbac7-aefa-5c16-b24c-d554739b77d6
add cho mình hỏi hộp nescafe __d__gói có thẻ cào trong đó không vậy ? mình ra tiệm tạp hóa mua k thấy thẻ cào bên trong hỏi thì ngta nói chỉ có bịch có thẻ cào thôi ah,6877,32f643ad-6feb-5a54-9d37-ae2b1101360d
bịch __d__ gói giá bán sỉ bao nhiêu tiền vậy nescafe,6877,13daa3e6-71cc-520e-9d72-ca1402b56302
nescafé vay ha,6877,b7432c75-3f03-5633-9306-1848af658748
xin __d__d giá cái chai trên bàn đi em 😂😂😂,6877,904f11e5-80dc-5fa8-821c-c6d3d9fb2f08
"< div class= '' bbcodeblock bbcodequote '' > < div class= '' attribution type '' > < i class= '' fa fa-quote-left '' > < /i > hagi__d__ nói : < a class= '' attributionlink '' > ↑ < /a > < /div > < blockquote class= '' quotecontainer '' > < div class= '' quote '' > đọc các còm trên này thì đang có __d__ luồng thông tin : < br > __d__ . một số cụ bảo là tn do a vũ điều hành , phát triển thì làm ăn ko phát triển được , thậm chí",6877,13d31825-dbff-523e-9da1-810cece522c2
nga nga giá của chai cafe đắt quá nhỉ 😑,6877,a3414294-80b8-5d85-a564-9aebbdab84c9
m nhận đc bn tiền quảng cáo vậy quỳnh,6877,bb226f55-12ed-5b26-9cb2-1068ff8e064b
đồ adidas bn v chị,6877,66813b15-415a-58e5-bba5-0d4f0044b1f5
cho mình hỏi chân váy ngắn lung linh lắp lánh an phương mua ở đâu thế ?,6877,7535c9c8-0d94-57b1-b853-83b07f3e5284
thím phương cao bao nhiêu nhệ,6877,e2eb0e49-cef5-5c74-8fbd-989a407f0841
hop cafe sua nestle bao tien vay ad,6877,4a7672a4-f8e2-5bd5-a4b6-2a261f7bc880
c ơi áo hoa trong video là c mặc size bao nhiêu vậy ạ ?,6877,51e5f421-df59-5d5b-9132-a2ce99658258
cho em hỏi chân váy bút chì chị mua của hãng nào vậy ạ,6877,48a54d72-6ad7-59eb-9661-4e30c2b304d9
cho e xin địa chỉ mua chiếc áo đen thím đang mặc được không ạ ?,6877,882a0c14-eaa1-5c0a-80b0-95af0f406c23
"< div > < div class= '' fb-send '' > < /div > < iframe frameborder= '' __d__ '' > < /iframe > < div > < /div > < /div > < h__d__ > < p id= '' content-header '' > sau khi nói lời tạm biệt 'táo quân ' , chí trung bắt đầu cuộc hành trình đầy ý nghĩa. < /p > < /h__d__ > < div class= '' tiin-news-relate '' > < h__d__ class= '' news-relate-title '' > tin liên quan < /h__d__ > < div class= '' wrap-news-relate '' > < div class= '' news-relate-item",6877,10fd871d-5e9b-5fd4-a23a-fe2d821410b8
gia bao dinh,6877,b6ec6ade-2206-5d15-ade3-b60d0062581e
mình mua ở hóc môn nhưng ko có.chi mình ở tan bình mua co .,6877,85657edd-8dee-5f08-8d35-a5f7a7249acb
bán bao nhiêu,6877,8a688220-69f0-5397-8374-6849e49c0a79
mua bao nhiêu tặng áo ak,6877,3fb9e92c-86fe-5fdf-89ee-778fa0ef4ebe
nếu mua __d__ hộp sẽ dc __d__ voucher phải ko ad ?,6877,3a32e96f-fb1e-581b-912d-4c48121333b5
nhiêu tiền một đôi áo này vậy shop,6877,ab62e5bb-1ff5-5965-bcc5-5dd48f41928b
nhiêu tiền một đôi áo này vậy shop,6877,4f985434-07e7-550f-9f70-6f182e78cc7d
nescafé vậy bjo mình đặt mua online hóa đơn __d__k sẽ dc tặng mã giảm giá hả b,6877,00897169-007a-5d52-9ee6-fc4989b99c89
vocher dc giảm giá nhiêu zayy ad,6877,ff5bc8ed-cced-50ee-a3bd-dd2baa49f0e3
m muốn mua __d__ ao dc kg ?,6877,b6858a37-dd26-5616-834c-dbe2e5526201
nhiu shop,6877,e1f9564e-61b9-5a9a-8b59-6e6bdd5f7ce4
bao nhiêu __d__ cặp b,6877,8d6efce3-6edd-5fc3-b8ba-89a13b755e2f
bn __d__cặp vậy bạn,6877,feaa9ab3-a51b-5227-b3a4-ca034550e869
sophia duong bao h,6877,060e68c9-067b-50a3-aa92-8fb756cc71b6
"ad ơi , cho mình hỏi có kết quả game này chưa ạ",6877,da79b617-72a5-5c22-8443-73142942f577
gia hânn có chưa em,6877,cde71f0c-06a0-5d1d-be4a-2bb940df7229
"mình ở tp hcm mình muốn mua ở đâu , và mua bao nhiêu hộp thì có cặp áo",6877,4ed0e624-ecc8-5648-8000-b520dd7471df
mình ở trà vinh làm sao mà mua đc ha ban,6877,f9a86f9c-83b1-5273-ab2a-e63bbdccbd32
chị ơi mình mua bao nhiêu được áo vậy chị,6877,3988bebe-9b22-5549-a195-95364059037b
chua cong bo khach hang trung giai dot __d__ vay ad,6877,82122baa-9211-5d9f-9cb1-c0bf5767c190
sao chỉ có hộp mới khuyến mãi.loai bịch __d__goi ko có vậy ad,6877,7c706b6a-4e79-5b4b-8066-5742050f6e2c
cho mình hỏi bao giờ nescafe mới lại có đợt mua tặng cốc vậy ? ? ?,6877,86981260-723b-503d-b62e-10eff2b7b88e
chị quay bằng máy gì thế ạ,6877,d32cfbd2-b480-5e2c-be86-14bf1798dc99
áo bao nhiêu thế chị ơi,6877,28dea3cd-fcfb-55d0-80b0-cfc62e9e47d3
hello __d__ a chị,6877,34dc1f82-d9a2-5c82-bfa4-12586ff3142d
anh bao nhiêu tuổi ạh ? ? ?,6877,30ac2a37-3d93-5e2f-8d80-b8e39aea4169
bream ạ ? ?,6877,d68d259a-deb5-5b9c-b3f4-fec1d87655cf
bream ạ ?,6877,c48751e2-74ab-50cf-a065-2b98868c8223
nhiều kitkat và nescafe thế cho em một hộp nào,6877,e3e3b8d5-a6bf-52a2-b3c9-e40b937ef804
chị dùng illustrator hả chị ?,6877,7e4c1987-32ba-5982-9897-f4b7d05febdc
bi lam sao vay c,6877,2a82d358-fe1e-5ee2-a874-800dfaa01fea
giá sỉ bao nh bạn ơi,6877,2df2818a-7442-503d-9db5-5287ad94bada
gio dang quay dot may vay ban .,6877,cd996ecf-b18f-5c21-89d5-d5dc07205891
m có mã thẻ nạp thì nạp tiền ntn ?,6877,72a2f1f2-5001-53a4-83d0-39ddc896b1b7
oh.minh mua hộp __d__goi cao trung cac __d__k.nay mình mua bịch lớn mà chắc hàng cũ nên chưa có khuyến mãi,6877,12eb1ec5-bf18-56b3-8a5d-d2be0c39d27c
nescafé nhu vay minh co đung trung duoc the cao __d__k ko vay,6877,1962f9c7-8a6f-55dc-829e-d281a2ce21f5
mot thung bao nhieu hop vay nescafe,6877,d762c5f1-87e3-55fa-9cf0-f8a98b30463e
mình được __d__ car __d__ k,6877,02fa0330-dd41-50b2-9333-ad8210fe4268
mình mua __d__ hộp đã đc __d__the cao __d__k,6877,0faaa90d-77b3-5732-906d-461ebecebcab
ad cho mình hỏi là có danh sách mã trúng thưởng đợt __d__ chưa thế ? ? ?,6877,9fef45c1-ee7a-5876-a04a-9d7bbbb3ea2b
__d__ hộp bao nhiêu nhỉ,6877,cdf25f1a-4b36-5fba-b2b5-96bccdbb9061
mot hop nesscaffe nhieu vay,6877,811e1d16-4b14-50e2-b97e-ad263f0641d2
mua __d__ hộp hay sao ạ,6877,af851e2d-ef90-534a-83b1-9770e19c89a8
< div class= '' icosocial icosocialx txtrt flrt '' > < a class= '' icosocialcm '' title= '' chia sẻ trên fanpage '' > < span class= '' icofb__d__ inbl '' > < /span > < /a > < a class= '' icosocialcm '' title= '' chia sẻ bài viết này trên facebook '' > < span class= '' icofb__d__ inbl '' > < /span > < /a > < a class= '' icosocialcm '' title= '' chia sẻ bài viết này trên g+ '' > < span class= '' icogg inbl '' > < /span > < /a >,6877,7a72aa35-f2a1-5ff4-ad8a-73fac671e5f8
< div class= '' bbcodeblock bbcodequote '' > < div class= '' attribution type '' > < i class= '' fa fa-quote-left '' > < /i > aotim nói : < a class= '' attributionlink '' > ↑ < /a > < /div > < blockquote class= '' quotecontainer '' > < div class= '' quote '' > '' anh chàng '' đó là cựu tgđ tập đoàn fpt đó b < img src= '' http : //otofun.netstyles/yahoo/__d__.gif '' class= '' mcesmilie '' alt= '' : ) ) '' title= '' laughing : ) ) '' > < /div >,6877,25533040-a8a7-58de-8922-991f4ba0365f
"< div class= '' bbcodeblock bbcodequote '' > < div class= '' attribution type '' > < i class= '' fa fa-quote-left '' > < /i > mr.wine nói : < a class= '' attributionlink '' > ↑ < /a > < /div > < blockquote class= '' quotecontainer '' > < div class= '' quote '' > anh chàng viết báo thấy fpt làm máy tính , tưởng thật là môn cntt , sực nhớ thế giới có anh ibm , có anh oracle , chắc quên chưa kể tên ms , apple , ... các kiểu . chứ",6877,fcb16962-a59f-5a60-8386-0ea19d7e42c0
"< div class= '' bbcodeblock bbcodequote '' > < div class= '' attribution type '' > < i class= '' fa fa-quote-left '' > < /i > aotim nói : < a class= '' attributionlink '' > ↑ < /a > < /div > < blockquote class= '' quotecontainer '' > < div class= '' quote '' > sâu lắm , ... nên mới phải đọc và ngẫm nàng ơi < img src= '' http : //otofun.netstyles/yahoo/__d__.gif '' class= '' mcesmilie '' alt= '' : ) '' title= '' happy : ) '' > < /div > < div class=",6877,b052aec9-7baa-5b97-b95d-7007441dde35
"< div class= '' bbcodeblock bbcodequote '' > < div class= '' attribution type '' > < i class= '' fa fa-quote-left '' > < /i > roses nói : < a class= '' attributionlink '' > ↑ < /a > < /div > < blockquote class= '' quotecontainer '' > < div class= '' quote '' > a xem còm dưới kìa ... trung nguyên đâu có nhắc , nhắc mỗi fpt < img src= '' http : //otofun.netstyles/yahoo/__d__.gif '' class= '' mcesmilie '' alt= '' : p '' title= '' tongue : p '' > < /div >",6877,1ee8cd08-b761-540c-8dff-74d4a9f3da32
"< div class= '' bbcodeblock bbcodequote '' > < div class= '' attribution type '' > < i class= '' fa fa-quote-left '' > < /i > thành trần __d__ nói : < a class= '' attributionlink '' > ↑ < /a > < /div > < blockquote class= '' quotecontainer '' > < div class= '' quote '' > fpt đem so với ibm , oracle ! < img src= '' http : //otofun.netstyles/yahoo/__d__.gif '' class= '' mcesmilie '' alt= '' = ) ) '' title= '' rolling on the floor = ) ) '' > < /div >",6877,271d7032-33dc-513e-9958-3eb2c0d00c6c
"< div class= '' bbcodeblock bbcodequote '' > < div class= '' attribution type '' > < i class= '' fa fa-quote-left '' > < /i > thành trần __d__ nói : < a class= '' attributionlink '' > ↑ < /a > < /div > < blockquote class= '' quotecontainer '' > < div class= '' quote '' > fpt đem so với ibm , oracle ! < img src= '' http : //otofun.netstyles/yahoo/__d__.gif '' class= '' mcesmilie '' alt= '' = ) ) '' title= '' rolling on the floor = ) ) '' > < /div >",6877,46491604-9dd1-5ebf-97c2-5ef13c03bd6c
< div class= '' bbcodeblock bbcodequote '' > < div class= '' attribution type '' > < i class= '' fa fa-quote-left '' > < /i > aotim nói : < a class= '' attributionlink '' > ↑ < /a > < /div > < blockquote class= '' quotecontainer '' > < div class= '' quote '' > bọn nào vậy nàng < img src= '' http : //otofun.netstyles/yahoo/__d__.gif '' class= '' mcesmilie '' alt= '' : ) '' title= '' happy : ) '' > < /div > < div class= '' quoteexpand '' > nhấn vào đây để,6877,02b5f7a6-467b-51f6-a35b-fbef92ed1489
< div class= '' bbcodeblock bbcodequote '' > < div class= '' attribution type '' > < i class= '' fa fa-quote-left '' > < /i > roses nói : < a class= '' attributionlink '' > ↑ < /a > < /div > < blockquote class= '' quotecontainer '' > < div class= '' quote '' > liên quan fpt kìa < img src= '' http : //otofun.netstyles/yahoo/__d__.gif '' class= '' mcesmilie '' alt= '' : p '' title= '' tongue : p '' > < /div > < div class= '' quoteexpand '' > nhấn vào đây để,6877,32d44a80-2e70-5ccb-8feb-27d6e66d175f
"< div class= '' bbcodeblock bbcodequote '' > < div class= '' attribution type '' > < i class= '' fa fa-quote-left '' > < /i > aotim nói : < a class= '' attributionlink '' > ↑ < /a > < /div > < blockquote class= '' quotecontainer '' > < div class= '' quote '' > tình cảnh này cũng có chút tương đồng với fpt . cách đây chừng __d__ năm . fpt là vua trong ngành cntt , dẫn dắt quần hùng chống lại bọn ngoại bang ibm , oracle. < /div > < div class=",6877,e9957db3-d8d1-5c4a-b568-46bf3eee1aa0
< div class= '' bbcodeblock bbcodequote '' > < div class= '' attribution type '' > < i class= '' fa fa-quote-left '' > < /i > __d__.__d__ ton nói : < a class= '' attributionlink '' > ↑ < /a > < /div > < blockquote class= '' quotecontainer '' > < div class= '' quote '' > thảo là ngườu có công lớn nhất trong việc sản xuất và kinh doanh mặt hàng cà phê hòa tan g__d__ khi tham dự hội chợ bên đức nhơn . tầm anh vũ lúc đấy vẫn loanh quanh cà phê phin,6877,3e89ed05-5f0f-55ca-aa2d-6def039781bc
< div class= '' bbcodeblock bbcodequote '' > < div class= '' attribution type '' > < i class= '' fa fa-quote-left '' > < /i > atlas__d__ nói : < a class= '' attributionlink '' > ↑ < /a > < /div > < blockquote class= '' quotecontainer '' > < div class= '' quote '' > vũ nắm rất nhiều chứng cứ điển hình nhất là vụ giả chữ ký bên sing. < br > vũ chưa làm mạnh tay vì hy vọng thảo sám hối hoặc khi cần vũ sẽ ra tay. < br > nói về,6877,5097364d-5b46-53d2-b8cd-f6ed9a60666e
< div class= '' bbcodeblock bbcodequote '' > < div class= '' attribution type '' > < i class= '' fa fa-quote-left '' > < /i > atlas__d__ nói : < a class= '' attributionlink '' > ↑ < /a > < /div > < blockquote class= '' quotecontainer '' > < div class= '' quote '' > vũ nắm rất nhiều chứng cứ điển hình nhất là vụ giả chữ ký bên sing. < br > vũ chưa làm mạnh tay vì hy vọng thảo sám hối hoặc khi cần vũ sẽ ra tay. < br > nói về,6877,74749ff6-e166-5155-8eb0-c55263b43496
< div class= '' bbcodeblock bbcodequote '' > < div class= '' attribution type '' > < i class= '' fa fa-quote-left '' > < /i > atlas__d__ nói : < a class= '' attributionlink '' > ↑ < /a > < /div > < blockquote class= '' quotecontainer '' > < div class= '' quote '' > vũ nắm rất nhiều chứng cứ điển hình nhất là vụ giả chữ ký bên sing. < br > vũ chưa làm mạnh tay vì hy vọng thảo sám hối hoặc khi cần vũ sẽ ra tay. < br > nói về,6877,ae9e086e-2501-5bc9-bdf8-1973e104ebbc
< div class= '' bbcodeblock bbcodequote '' > < div class= '' attribution type '' > < i class= '' fa fa-quote-left '' > < /i > trungdo nói : < a class= '' attributionlink '' > ↑ < /a > < /div > < blockquote class= '' quotecontainer '' > < div class= '' quote '' > lúc đó ông vũ còn hi vọng vợ mình không đến nỗi nào còn cải biến được. < br > ông ấy cũng đã cho biết có nhiều chứng cứ trong tay chẳng qua không thích ném ra nhưng đến tận bây,6877,d74e205a-5fa2-58d1-98f6-8a6d37168708
< div class= '' bbcodeblock bbcodequote '' > < div class= '' attribution type '' > < i class= '' fa fa-quote-left '' > < /i > trungdo nói : < a class= '' attributionlink '' > ↑ < /a > < /div > < blockquote class= '' quotecontainer '' > < div class= '' quote '' > lúc đó ông vũ còn hi vọng vợ mình không đến nỗi nào còn cải biến được. < br > ông ấy cũng đã cho biết có nhiều chứng cứ trong tay chẳng qua không thích ném ra nhưng đến tận bây,6877,86d2a497-a39a-58e1-906c-03da3c20f057
"< div class= '' bbcodeblock bbcodequote '' > < div class= '' attribution type '' > < i class= '' fa fa-quote-left '' > < /i > manhcsic nói : < a class= '' attributionlink '' > ↑ < /a > < /div > < blockquote class= '' quotecontainer '' > < div class= '' quote '' > tn thành công do xây dựng được chuỗi cửa hàng kinh doanh cafe . khái niệm này còn mới với vn vào thời điểm đó . sau này nhiều dn thành công khi họ thiết lập đc kênh phân phối , nhà",6877,3e897f7c-672f-519d-ad4a-7b707b2f22b5
"< div class= '' bbcodeblock bbcodequote '' > < div class= '' attribution type '' > < i class= '' fa fa-quote-left '' > < /i > manhcsic nói : < a class= '' attributionlink '' > ↑ < /a > < /div > < blockquote class= '' quotecontainer '' > < div class= '' quote '' > tn thành công do xây dựng được chuỗi cửa hàng kinh doanh cafe . khái niệm này còn mới với vn vào thời điểm đó . sau này nhiều dn thành công khi họ thiết lập đc kênh phân phối , nhà",6877,d44ec6a4-635d-5b34-b3e8-c54dba21512d
"< div class= '' bbcodeblock bbcodequote '' > < div class= '' attribution type '' > < i class= '' fa fa-quote-left '' > < /i > hagi__d__ nói : < a class= '' attributionlink '' > ↑ < /a > < /div > < blockquote class= '' quotecontainer '' > < div class= '' quote '' > đọc các còm trên này thì đang có __d__ luồng thông tin : < br > __d__ . một số cụ bảo là tn do a vũ điều hành , phát triển thì làm ăn ko phát triển được , thậm chí",6877,c7b5df5f-d5c9-5208-a9b1-2721707a98c8
__d__ hộp bao nhiêu vậy bạn,6877,309d4211-dfcb-5696-857e-1d6f34a9fc59
tet gi vay,6877,47f60059-5fff-504e-86be-f222af8e0af1
bao nhiêu __d__ hộp,6877,18ea66d2-4df6-5cd3-bc73-fdcc5d9d366d
mọt thùng bao nhieu tièn vay,6877,4e34144e-8708-5bd2-a9ec-915efec165be
cho mình xin số asm quản lý hải phòng,6877,cf41bf71-a6be-56e9-ad26-34f842cbd850
cho em hỏi ad thu phí tin nhắn bn vậy ! ?,6877,963966ef-5f05-5807-9db3-34f8290579b2
bao nhieu tien __d__ họp nescape nay nj,6877,a63e6e38-92b6-5621-a709-53cb029668a8
xin hoi ngay __d__ __d__ ma so trung thuong la bao nhieu vay,6877,92579a1a-5e6f-567a-ad38-47d1310916cd
cho em hỏi còn hạn trứng thưởng không ạ,6877,02b6cabf-e68e-5064-a46e-8f53292c9acc
bao nhiu __d__ hop ban .,6877,8595a485-56d4-5423-8d91-1212e982d400
có loại này hk bn,6877,9845fecb-5f6f-5a6f-a2b8-aae97294ab81
bao tiền __d__ hộp vậy,6877,50279f4a-74fa-5efe-abdb-b7c51d1fdc78
cho minh hoi minh trung ve may bay __d__ chiều ma minh ko co di đau can may bay vay co quy doi ra tiền hay goi nescafe được ko vay,6877,13011a85-f910-55e2-814a-a5e54e7a9a36
"cho em hỏi em mua __d__ hộp nescafe rồi ạ , em mới dùng __d__ điện thoại nhắn tin __d__ cmnd , vậy __d__ số điện thoại được nhắn nhiều lần ko ạ ? __d__ cmnd và __d__ số điện thoại được nhắn __d__ lần hay sao ạ ? e muốn nhắn luôn cmnd cho bố mẹ và chồng ạ",6877,7059b52d-e926-509e-8061-b524f5b1a8fa
cho hỏi này __d__thang __d__ là ran tết phải ko ban,6877,45eadba6-3b26-5638-94c7-2e1f0ad090a8
nescafé mua o tap hoa nào kug dc ad ad,6877,63613bad-1d4e-5149-a9fb-8ac1f35c100a
den ngay bn thi het km ha b,6877,cd8fc3b0-2ff4-5725-995b-287780952bdf
lê ngọc m dùg hết bn hộp cafe rồi ? ? ?,6877,68ef7177-debc-5906-aed4-dd6aa6e1ea2b
bnh tien __d__ hop vay,6877,c0038c67-7e21-5fb1-a99a-28173a43af8c
xin chào nescafe chương trình khuyến mại sao còn ngắn vậy ? thế tết dùng nhiều mà không quay số trúng thưởng nữa thì mất vui rồi ?,6877,2316ee9e-f2c4-58f9-a8ec-fe2e6e7594fe
hộp v nhiu,6877,97aaf0a6-58e9-5b21-a96a-bcacbfeb6788
nt gui bao nhieu tien vay nescafe,6877,12cdd6b4-6ad0-5603-99f3-6161c99c690c
chung tình voi nescafe bao nhiêu năm trời.vậy mà sao chua trúng😂😂😂,6877,5e500f1a-c102-52bc-b930-68ba98abd2bc
dot __d__ may jo quay thuong vay,6877,f0b4c592-4888-5f64-89b9-91d7ce011ebb
một tn la bn,6877,2e847bdb-6faf-5f4a-9e74-caaeba44dba4
du thuong kieu jr vay,6877,209c30bf-3742-5120-8795-ee8ecdc02d93
cong bo dot __d__ chua ad,6877,5bf1a210-0cb8-55c6-9adc-61c16a597487
cho minh hoi ma so nay mo quá kg ro,6877,39882616-97a6-5a08-a4f1-ec12646857c1
bao nhiêu môt hop vay,6877,8a37bf51-b769-5693-8882-6bdbdfbca83b
sao ko thay danh sach trung thuong vay,6877,166a474e-24f3-5957-8ce9-b67558c0c6b5
cho mình hoi mã so __d__xcyn__d__ có trúng ko ?,6877,3ff67822-371e-5215-9a69-89ece8cd2748
cho mình hỏi ngày __d__ quay có phát tren tivi ko hay chỉ có trên web,6877,18850ac9-f530-5ccf-bcb3-f6205a4c63eb
nescafe cho mình hỏi quay thưởng ở địa điểm nào vậy và vào lúc mấy giờ và có quay trực tiếp trên kênh th nào ko ah,6877,171e0a9d-f44c-508e-bd11-4d4c27dae1be
cho m hoi mua o tren mang hay mua o đại ly vay m muon mua,6877,1a4b98de-7eae-5e5f-b81e-9aa483ade387
cho mình __d__ hộp mầu đỏ được k __d__,6877,aceaf2c9-4623-5960-9e51-a9bc822c0d3b
nhieu tien __d__ hop vay,6877,c598c753-50e3-5179-af74-e0c5214a0252
sao toi mua ko co phieu vay nhi,6877,1c23f779-00bd-5f6b-9ec5-58ff2680a9fd
bao tiền __d__bịch vậy shop,6877,002341bc-33d2-508d-b624-cc32ae2f89e9
mot sô cmnd ma trung nhieu vay,6877,09670b10-47fe-5eb5-83b8-bc00455af7ea
"cho mình hỏi , hiện tại loại sản phẩm nestcafe hộp có ct trúng thưởng của công ty đã hết rồi hay sao ? khi mình lấy hàng về bán thì lô hàng ko có ct km nơi ?",6877,ed3707d2-a57a-5e10-ba5e-6f0f1f8f130d
mua một hộp co ban k,6877,135c5926-1cfd-5a6b-9ef2-a4db16035332
bao nhieu tien __d__ hop vay .,6877,8beadde6-36aa-5f3c-8e66-187766b69672
cho mình hỏi vé mua máy bay giải khuyến khích hạn đến khi nào moi kết thúc,6877,a9b7a56b-ed87-54f9-a3bd-eb0bf40c7cdf
nhiu tiền một hop,6877,dcd80c2c-b571-5b88-a43b-0217551b1feb
giá này đắt hơn giá m mua là sao ?,6877,27015e12-7858-5dd6-b80a-d71a0567eba1
danh sách quay thuởg ngay __d__ chua có vay ad,6877,05561929-e183-5ab8-adda-60c49a43daed
bao nhieu __d__ hộp vay j,6877,863cd19a-656f-5c51-b827-c3885adfebfb
còn bao nhiêu lần quay nữa vậy ?,6877,0f0982d6-8343-5f09-b7e7-46fa6d29d974
cho mình hỏi một gói netscape thì chứa bao nhiêu gam cafein ah . tại em nghiện càfê nes uống nhiều lắm,6877,7fd91b7b-8933-538a-b7b7-da8368f6d100
nescafé mình mua ở siêu thị đc k hay phải mua sp trên trang của nescafe hã bn,6877,0bf98750-4ba2-5767-b1dc-6614f9739f06
bán cafe loi duoc bao nhieu ma chuong trinh trung thuong lon nhu vay nhi ?,6877,e649334a-d595-515b-bcb9-86a3cb3b6425
sao ma lap lai nhieu vay ?,6877,1da146d3-b831-5194-9507-aebcb760b91a
hic số trúng là số bao nhiu vậy,6877,79d9041c-5adc-5f19-a1ef-d2960877b20f
ad oi quay so lan sau vao ngay may vay ad,6877,8b1986d4-253c-5bb7-9cf5-06f769c0d153
mình muốn lấy hàng để bán giá giao nhu nao vay,6877,fe205d18-9cde-511d-a259-f99cc4a30680
cho e hỏi mua loại nào là có ma số du thuong vay bn,6877,f1585c74-6781-56dd-b9c9-82d3b204103b
oh ! đệc mình uống bao nhiu hộp rồi mà __d__ gói cũng ko đx,6877,dbb8e206-60ad-587a-ba8c-843882aded03
giá ạ,6877,0af0588f-3d89-513f-b9a8-a03710fe6912
thiếu __d__ r bn,6877,15a2e037-04de-5651-ae07-681439a320a6
"chị e hỏi phát , hộp kia nhiu xiền ? ? ? ? này biếu thì đẹp nhể",6877,9915852a-32f2-506d-a96f-04638a2711e9
hộp quà mua đâu vậy chị,6877,c79420d7-3c3a-5216-8eba-c5ad1990f3b6
hộp này nhiu vậy em gái ? ?,6877,aaf4551e-ce00-5f10-a2f4-d883eda72f34
"hộp quà này giá bao nhiêu vậy chị ơi , chị mua ở đâu vậy ạ",6877,4e785391-9e27-56f5-b61a-9ac4d3368315
hộp quà đẹp quá chị ơi . hộp này bao tiền thế ak,6877,8e043fb8-8d72-5dc9-99dd-5f4d1d887274
"hộp này bao nhiêu tiền đấy hả bà , để tui mua về làm quà cho thầy bu",6877,4ab92393-6893-5129-924b-9c944f945d91
hộp quà bao nhiêu mà nghe trúng tiền tỷ hấp dẫn quá vậy nàng ?,6877,05796d64-2313-50ec-ab0b-6bcf68f2d293
hộp quà có giá khoảng __d__k e ạ,6877,7c25b168-0ac5-5efc-a042-ee90d6ee0303
"hộp nescafé đẹp quá vậy c ơi , làm quà tặng thì tuyệt quá c nhỉ",6877,61e9c304-3d39-531c-bb8f-af31b3a0cf80
"oa hộp quà đẹp quá chị ơi , em thích hộp nescafe này nè chị ơi",6877,939dac71-1a2d-54d3-9885-e17a631e47e2
"hộp quà này ở big c có bán ko chị ha ? nhà em chỉ gần big c thôi , huhuhu ...",6877,3041f314-e2dd-5914-8330-6d790f911171
"hộp quà này giá bao nhiêu đấy chị , để em cũng triển vài hộp làm qà",6877,48be9489-9883-5b44-a4bf-e6cb608a9dc7
"chị mua hộp này ở đâu mà đẹp quá , mà chương trình này nhiều giải không ạ ?",6877,ca4711ee-93de-5526-aa47-e50200c387fc
"hộp quà đẹp đấy e , giá bao nhiêu vậy e ?",6877,12b3f99c-f602-5d23-ad08-2033f10d2343
"hộp quà sang mà đẹp quá c , một hộp này giá bao nhiêu vậy",6877,eac153c3-989a-51fb-8e44-e9af56304a06
"nhà em cũng thích uống nescafe nhất , một hộp này giá bao nhiêu đấy c",6877,25c8ae85-c013-572f-9636-75af34c0d1f7
hộp này có những sản phẩm gì vậy chị ?,6877,c0277cf0-9c09-5b44-8bd7-bfc90efd1bf6
"hộp này giá bao nhiêu đó chế , nhìn đẹp , sang thế , mang đi tặng quà thì được đấy",6877,f9486ca5-5b5e-594c-b222-9662b6dc5423
rẻ là bao nhiêu c ? mua ở đâu vậy,6877,3f3269a5-51ee-52e1-991c-9fd31d2356d7
bộ ấy bao nhiêu tiền vậy chị em cũng định mua biếu tết ý,6877,ac110569-4535-52b9-868d-e62813f84267
hộp quà sang mà đẹp quá c. này coop có ko c hả ?,6877,9a1471ac-0de7-53ef-a416-7fda7ae2a314
"dạ , hộp này đắt ko c nhỉ ?",6877,d9e4e699-c209-5b5c-9592-709f8326512e
hộp này đựng __d__ hộp cafe nescafe __d__ in __d__ và __d__ cốc sứ in hình như trong ảnh đó e dung cao thi thu,6877,47179565-c53d-5151-94f2-4ca1e98db9bd
giá cả thế nào vậy chị,6877,ee852410-8a2c-5f62-84d9-0fe3e9d1edb3
"uh có __d__ hộp cafe __d__ in __d__ và chiếc cốc in chữ như thế trần thị yến , khoảng __d__k / hộp quà này nhé",6877,09cf8b5f-7457-5988-a67d-382dc00a3cdc
hộp quà đẹp quá bà ơi có đắt ko ?,6877,75b4d149-ad11-5476-8123-75fbd1b13cd9
c mua __d__k e ạ,6877,e0d4a6e8-6433-578a-8ebf-9bb6eed56f1c
"hộp quà tết nescafe nhìn đẹp chị hí , hộp này bn tiền chị nhỉ",6877,347b4f74-349c-5b7e-8984-1b03c50aff87
hộp quà này giá bao nhiêu hả chị,6877,c5e5cded-a63e-5a8e-a5c9-32c6fc8c9e00
"bao nhiêu tiền __d__ hộp quà đó vậy chị , mua siêu thị nào cụng có ạ",6877,c7d9f331-c894-572a-834a-a2f8b2399255
"ui quà này đẹp quá , bộ này bao nhiêu thế nàng",6877,9d835a3a-4ea0-5d04-863e-33c1922811ee
một hộp quà như vậy giá bao nhiêu tiền vậy mom nhỉ ?,6877,1d3a27b7-34e9-5072-98cf-51d696458bb9
"e mua __d__k ở big c nè c , mỗi hộp sẽ dc tặng __d__ ly ạ",6877,f161e488-ce02-53bb-80c7-52459c5a2602
dạ __d__ hộp là được __d__ cốc đó c,6877,ebaa3b0b-5fa8-51c1-b497-2fe7f40baf8c
"e mua __d__k c ơi , e mua ở big c , e thấy siêu thị nào cũng có à",6877,e30551f2-a9c8-5682-8d0e-3fa9282dae18
e mua ngoài big c có giá __d__k c ơi,6877,4a66323b-ddec-5175-b71d-d5a37a2050d2
bộ nescafe này giá bao nhiêu vậy e ? tặng quà cho ng thân là hợp nhất,6877,6023a9f4-84e1-5b19-8c3d-98a64f30cd0b
hộp quà này bao nhiêu tiền vậy em ? . mỗi hộp quà được tặng thêm __d__ cái ly à ?,6877,afc119cd-d654-5fd2-ac40-2ad19b9ba349
hộp quà vậy giá sao em ơi ? mà ra siêu thị nào cũng có hả em,6877,b442b24f-927a-5078-a4ea-aad89c865bbc
tuyết tuyet bach hộp này cháu mua __d__k thôi,6877,0d061787-0d01-54dd-99d7-9dd4911d2912
bao nhiêu tiền hộp này thế c ơi ?,6877,23cfc6aa-c134-552f-b139-ee704c87ccb4
"< div > < table class= '' picture '' align= '' center '' > < tbody > < tr > < td class= '' pic '' > < img alt= '' đông nhi , ngô kiến huy trổ tài nấu bánh tét trong mv mới - ảnh __d__ '' title= '' đông nhi , ngô kiến huy trổ tài nấu bánh tét trong mv mới - ảnh __d__ '' src= '' https : //znews-photo-td.zadn.vn/w__d__/uploaded/wyhktpu/__d_____d_____d__/khai_phao_don_loc__d__.jpg '' width= '' __d__ '' height= '' __d__ '' > < /td > < /tr > < tr > < td class= '' pcaption caption ''",6877,2a91b102-e617-5d0d-af6c-ac83080d8cd2
hộp quà này giá bao nhiêu đấy chị,6877,f4fc2bd9-e39d-5f75-9f6e-108ac8b0492d
gía bao nhiêu thế chị ơi ?,6877,6ca62418-cc2a-5aad-a399-d2c60f6f83ea
< iframe frameborder= '' __d__ '' marginheight= '' __d__ '' marginwidth= '' __d__ '' width= '' __d__ % '' id= '' detail_iframe_id '' > < /iframe > < br > < br > < iframe frameborder= '' __d__ '' marginheight= '' __d__ '' marginwidth= '' __d__ '' width= '' __d__ % '' id= '' detail_iframe_id '' > < /iframe > < br >,6877,044b30c0-a8c6-5f65-8e35-d8da8651db63
bộ này bao nhiêu thế chị ?,6877,474e6053-c509-5717-b00e-edb5bb743e75
hộp quà đẹp quá chị ơi . bao tiền hộp quà này vậy ak ',6877,8399e8dc-15bf-5cbf-93ed-715ab35df3c5
"hộp quà đẹp quá e ơi , giá bao nhiêu vậy e ?",6877,a109043b-0d70-5098-9837-a9995157ef0e
hộp quà này giá bao nhiêu đấy em .,6877,ed6ece9d-b330-515e-b6a1-923ba74bf92e
cho mình hỏi mình mua cà phê __d__ bịch có hơn __d__ gói nhỏ bên trong mình nt mã thẻ cào đc bỏ trong bịch đó vậy có cơ hội trúng ko,6877,6c006d06-ff70-523d-8e0f-b8aed629722c
trung thiet hay gia vay,6877,653b544f-7a1b-5633-8146-52d576ce385a
cho mình hỏi __d__ sđt & __d__ số cmnd dc nt nhiều mã thẻ cào dc ko ad ? nhưng nếu trúng giải kk thì dc nhiều giải . còn giải đb thì chỉ __d__ . có đúng ko ad ?,6877,74b9c24f-12f9-5719-88af-69ff9971f3fa
uh muon mua ban ah,6877,e613fffb-ba82-5fdf-96ce-328eee678867
mua __d__ hộp cũng tham gia đc chương trình hả ad ?,6877,67fde9b1-d636-504a-b71c-95301dcf027e
ps dudocjs vay hok,6877,b821503b-f4b2-50e3-8914-62324a158a0b
... < /br > cho mình hỏi giờ mua hàng vó được khuyến mại ly sứ ko shop < /br > __d__ sao,6877,8ca0a532-527e-557e-b868-a6065a6eacbf
mình thấy game của nestlé bao giờ quà bao la bạn à,6877,0ec61f5a-ed2e-5784-9131-8d0785c49345
< div class= '' icosocial icosocialx txtrt flrt '' > < a class= '' icosocialcm '' title= '' chia sẻ trên fanpage '' > < span class= '' icofb__d__ inbl '' > < /span > < /a > < a class= '' icosocialcm '' title= '' chia sẻ bài viết này trên facebook '' > < span class= '' icofb__d__ inbl '' > < /span > < /a > < a class= '' icosocialcm '' title= '' chia sẻ bài viết này trên g+ '' > < span class= '' icogg inbl '' > < /span > < /a >,6877,c27ee924-4293-57c3-82ee-daaf124352e7
< div class= '' tindnd clearfix '' > < div id= '' listnewsincontent '' > < span class= '' title_box '' > < a title= '' tinh doanh nghiệp '' > tin mới < /a > < /span > < ul id= '' listnewestdetail '' > < /ul > < /div > < /div > < span id= '' maincontent '' > < p > cuộc ly hôn tốn nhiều giấy mực của __d__ cổ đông chủ chốt của tập đoàn trung nguyên là ông đặng lê nguyên vũ và bà lê hoàng diệp thảo có thể sẽ sớm đi,6877,babe80c8-9ac4-5590-a560-819ea0bd582a
< div class= '' icosocial icosocialx txtrt flrt '' > < a class= '' icosocialcm '' title= '' chia sẻ trên fanpage '' > < span class= '' icofb__d__ inbl '' > < /span > < /a > < a class= '' icosocialcm '' title= '' chia sẻ bài viết này trên facebook '' > < span class= '' icofb__d__ inbl '' > < /span > < /a > < a class= '' icosocialcm '' title= '' chia sẻ bài viết này trên g+ '' > < span class= '' icogg inbl '' > < /span > < /a >,6877,5a809877-e3ca-55a4-af08-6b43b85c68e1
"< h__d__ id= '' plhmain_newsdetail__d___divsapolive '' class= '' sapo '' > tại diễn đàn kinh tế việt nam ( vef ) năm __d__ với chủ đề “ củng cố nền tảng cho tăng trưởng nhanh và bền vững ” vừa diễn ra tại hà nội , ông ganesan ampalavanar , tổng giám đốc công ty nestlé việt nam chia sẻ quan điểm mục tiêu tăng trưởng dài hạn đòi hỏi một nỗ lực chung và tổng thể của các thành phần kinh tế khác nhau , trên quan điểm “ tạo giá trị chung ” . < /h__d__ > <",6877,2493966a-bf7b-5895-aaa3-195fc5189913
"< div class= '' vcsortableinpreviewmode nocaption '' > < div > < img src= '' http : //afamilycdn.com/__d__/__d__/__d__/photo-__d__-__d__.jpg '' id= '' img_e__d__d__d__e__d__-__d__cb-__d__e__d__-__d__f__d__-__d__a__d__d__d__a__d__ '' alt= '' muốn ai đến nhà ngày tết cũng khen nức nở , đây là những thứ bạn cần chuẩn bị - ảnh __d__ . '' title= '' muốn ai đến nhà ngày tết cũng khen nức nở , đây là những thứ bạn cần chuẩn bị - ảnh __d__ . '' width= '' '' height= '' '' > < /div > < div class= '' photocms_caption '' > < /div > < /div > < p",6877,7633a16d-0680-52b6-9637-a3e2224a2d49
"< h__d__ id= '' plhmain_newsdetail__d___divsapolive '' class= '' sapo '' > tại diễn đàn kinh tế việt nam ( vef ) __d__ , tổng giám đốc nestlé việt nam ganesan ampalavanar đồng chia sẻ quan điểm mục tiêu tăng trưởng dài hạn đòi hỏi một nỗ lực chung và tổng thể của các thành phần kinh tế khác nhau , trên quan điểm “ tạo giá trị chung ” . < /h__d__ > < div id= '' plhmain_newsdetail__d___divcontentlive '' class= '' boxdetail '' > < div id= '' divfirst '' > < div > < img alt= '' chú thích",6877,a3af1a22-7ab6-5994-aa55-9722053ac748
< div class= '' listcol__d__ mb__d__ '' > < div class= '' detail '' > < div class= '' share '' > < div class= '' shareall '' > < div class= '' addthis_toolbox addthis_default_style '' > < a class= '' addthis_button_facebook addthis_button_preferred___d__ '' title= '' facebook '' > < i class= '' fa fa-facebook-f fa-lg fb-color '' > < /i > < /a > < a class= '' addthis_button_twitter '' title= '' twitter '' > < i class= '' fa fa-twitter fa-lg tw-color '' > < /i > < /a > < a class= '' addthis_button_rss '' title= '',6877,429fcd5e-d105-54d3-95d1-bf775550e352
"cho em hỏi , nestlé có quy đổi quà thành tiền mặt ko nhỉ các bác",6877,fb02bd80-28cd-52b6-a3eb-97b1e36977dd
mình thấy game của nestlé bao giờ quà bao la ban à,6877,b51ab55d-1125-5bd1-a109-0cb6db74ef69
tấm __d__ romance bao nhiêu thì tấm __d__ nhoi bấy nhiêu : ' ) ),6877,a26d8618-3a34-5d9b-94bb-73d5edefe7b8
set này có size bé ko shop,6877,bd42711c-a54f-583d-ac6a-e53d5deaa760
bn shop,6877,038cae44-2acb-5a1e-a64e-208c9c8b9b75
mình thấy game của nestlé bao giờ quà bao la bạn à,6877,f4156bfd-bbc4-5898-9d6e-10fee3a37d15
game của nestlé là bao la quà chế nhỉ ?,6877,926e4462-ff30-55d9-ad2a-7c60a9ebd493
"cho em hỏi , nestlé có quy đổi quà thành tiền mặt ko nhỉ các bác",6877,7c4f5436-243d-5fa3-9fc7-20f900848886
sữa nan này là sữa nước phải ko ạ ! ?,6877,b5b4197c-79f5-5846-bc1a-319c6f19c21b
"< h__d__ class= '' article-content__d__ article-content__d__ '' > < div id= '' ctl__d___placeholdermain_g_d__d__e__d__f__d_____d__e__d_____d__d__d_____d__fab___d__aead__d__db__d__ '' > ( tbtco ) - ngày __d__/__d__/__d__ , công ty nestlé việt nam chính thức khánh thành trung tâm phân phối nestlé bông sen , tại tỉnh hưng yên . nằm trong khuôn viên nhà máy nestlé bông sen , đây sẽ là trung tâm phân phối lớn nhất khu vực phía bắc của công ty nestlé việt nam . < /div > < /h__d__ > < div id= '' ctl__d___placeholdermain_g___d__f__d__c__d_____d_____d___a__d__f__d___c__d__bc__d__ '' > < div class= '' main-showeditdetail '' > < div class= '' img-page ''",6877,d4b7697e-0d93-5204-80cb-ff2f7f74d766
hộp quà nestle toa thế bác,6877,df5e7c57-a23b-5d9b-924d-732c935e1c9f
"cho em hỏi , nestlé có quy đổi quà thành tiền mặt ko nhỉ các bác",6877,dccea223-2109-53a3-a9dd-3b74e16ffcd2
chị mún hỏi mua ở mô ? ? 😂😂😂,6877,20ec75d8-0065-526a-8d5e-98ed83e6fdb2
miu le bao nhiu tuoj vay ha e,6877,3f8bf964-5dbd-56a0-baca-d1c8d032311d
nếu mua đơn __d__k thì nhập mã nescafetet giảm __d__k hả chị,6877,1f8cf974-fd4f-5fb0-8807-2dd3b9f25118
em mua __d__ đơn dùng cả ba mã giảm giá có được không chị ơi,6877,88cce1ce-f54d-55c6-8bb8-c2f1ef782c87
cứ dùng mã là giảm giá hay sao chị,6877,872e4ca1-7cf1-5b56-a0e5-cd7b5ecd6da0
bao nhiêu __d__ hộp,6877,7947d814-7e83-531c-a4f8-6a7cd733ce51
bao nhiu ah,6877,c91b9c62-c935-55f6-83b7-b14e02d9c92f
roi nunglon hay gi vay ? ? ?,6877,1d1f1272-0dce-5943-bb4e-b0d7a93216db
< div id= '' container '' > < /div > < div class= '' item '' > < a > < img src= '' http : //daubao.com/images/icon_new.gif '' > kênh đầu tư cho thuê tivi nhận lãi __d__.__d__tr/tháng khuấy động giới đầu tư thông minh tại việt nam < /a > < /div > < p > < a title= '' để khoảnh khắc mãi đong đầy ( cover ) - jang mi '' class= '' baivietlienquanimg '' > < /a > < /p > < p > < a title= '' giọng ải giọng ai | những màn song,6877,0e304468-09f4-5410-a390-c52fabf7432d
"< h__d__ id= '' plhmain_newsdetail__d___divsapolive '' class= '' sapo '' > tập đoàn thực phẩm lớn nhất thế giới nestle sẽ bắt đầu bán cà phê mang thương hiệu starbucks của mỹ tại các cửa hàng và trực tuyến ở châu âu , châu á và mỹ latinh từ tháng này , trong nỗ lực khẳng định vị trí dẫn đầu trước các đối thủ như jab . < /h__d__ > < div id= '' plhmain_newsdetail__d___divcontentlive '' class= '' boxdetail '' > < div id= '' divfirst '' > < div > < img alt= '' chú thích ảnh ''",6877,46d5a6c7-3ec8-58b0-938b-3f83d65bb568
< div id= '' gioi-thieu '' class= '' content js-content '' > < p > < img id= '' https : //salt.tikicdn.com/ts/tmp/__d__/bd/dc/__d__ab__d__d__d__f__d__d__d__fe__d__a__d__b__d__d__d__a.jpg '' title= '' '' src= '' https : //salt.tikicdn.com/ts/tmp/__d__/bd/dc/__d__ab__d__d__d__f__d__d__d__fe__d__a__d__b__d__d__d__a.jpg '' alt= '' '' width= '' __d__ '' height= '' __d__ '' > < /p > < p > < img id= '' https : //salt.tikicdn.com/ts/tmp/d__d__/__d__e/b__d__/__d__a__d__fd__d__ca__d__cd__d__b__d__.jpg '' title= '' '' src= '' https : //salt.tikicdn.com/ts/tmp/d__d__/__d__e/b__d__/__d__a__d__fd__d__ca__d__cd__d__b__d__.jpg '' alt= '' '' width= '' __d__ '' height= '' __d__ '' > < /p > < p > < img id= '' https : //salt.tikicdn.com/ts/tmp/cd/da/__d__a/bff__d__fe__d__bb__d__be__d__dc__d__d__d__a__d__d.jpg '' title= '' '' src= '' https :,6877,afe68450-82de-5f22-bdbd-466786e25dec
< div id= '' gioi-thieu '' class= '' content js-content '' > < p > < img src= '' https : //salt.tikicdn.com/ts/tmp/c__d__/__d__/__d__/a__d__bbce__d__d__d__a__d__cc__d__f__d__.jpg '' alt= '' '' width= '' __d__ '' height= '' __d__ '' > < /p > < p > < img id= '' https : //salt.tikicdn.com/ts/tmp/a__d__/__d__e/__d__c/__d__d__d__ed__d__f__d__b__d__c__d__ccc__d__b__d__d__d__e__d__db.jpg '' title= '' '' src= '' https : //salt.tikicdn.com/ts/tmp/a__d__/__d__e/__d__c/__d__d__d__ed__d__f__d__b__d__c__d__ccc__d__b__d__d__d__e__d__db.jpg '' alt= '' '' width= '' __d__ '' height= '' __d__ '' > < /p > < p > < img id= '' https : //salt.tikicdn.com/ts/tmp/__d__/__d__d/__d__/__d__c__d__c__d__a__d__b__d__f__d__aa__d__.jpg '' title= '' '' src= '' https : //salt.tikicdn.com/ts/tmp/__d__/__d__d/__d__/__d__c__d__c__d__a__d__b__d__f__d__aa__d__.jpg '' alt= '' '' width= '' __d__ '',6877,2ff6eef5-58bf-5fd8-a64d-6d3c480eb32f
< span class= '' time '' > __d__/__d__/__d__ __d__:__d__ pm < /span > < span class= '' gach '' > | < /span > < span class= '' cat '' > < a title= '' kinh doanh '' > kinh doanh < /a > < /span > < br > < div class= '' sharefbdetail '' > < a rel= '' nofollow '' > < i class= '' iconsharefbv__d__ '' > < /i > < span class= '' countsharefb '' > < /span > < /a > < /div > < div class= '' fblikewrap '' > < div class=,6877,c2751321-921b-58e6-b4ff-b07b7283d987
"< iframe frameborder= '' __d__ '' marginheight= '' __d__ '' marginwidth= '' __d__ '' width= '' __d__ % '' id= '' detail_iframe_id '' > < /iframe > < br > < img src= '' https : //photo-__d__-baomoi.zadn.vn/w__d___r__d__/__d_____d_____d_____d_____d__/c__d__d__d__ea__d__b__d__a__d__d__d__b.jpg '' > < br > < em > yêu càng lâu , người ta càng dễ sa vào cảm giác nhàm chán , mệt mỏi vì mỗi ngày trôi qua đều là những hình ảnh , lời nói quen thuộc . tình yêu vẫn còn nhưng chính sự khó chịu và thất vọng khi nửa kia không còn nhiệt tình như lúc mới",6877,45707496-1f10-5fae-aba4-c4a994ac5606
xin gia sỉ b ơi,6877,40dc638c-5507-5c04-a01e-cc0d26657eef
"< div class= '' clearfix cms-body '' > < img src= '' https : //image.plo.vn/w__d__/uploaded/__d__/qjumn/__d_____d_____d__/c__d__e__d__-__d__-__d__-aaaa-c__d__e__d___vojb.jpeg '' alt= '' tiêu hủy hàng hóa vi phạm trị giá gần __d__ tỉ đồng '' class= '' cms-photo '' > < /div > < br > < div > ( plo ) -tiêu hủy nhiều sản phẩm thuộc __d__ chủng loại trị giá gần __d__ tỉ đồng . < /div > < br > < div id= '' abody '' class= '' cms-body '' > < p > sáng __d__-__d__ , ông đoàn ngọc sơn - quyền trưởng cục quản lý thị trường tỉnh",6877,1f4040e3-61b9-50e8-9ad3-23f668e6d31d
< span class= '' time '' > __d__/__d__/__d__ __d__:__d__ pm < /span > < span class= '' gach '' > | < /span > < span class= '' cat '' > < a title= '' thời sự '' > thời sự < /a > < /span > < br > < div class= '' sharefbdetail '' > < a rel= '' nofollow '' > < i class= '' iconsharefbv__d__ '' > < /i > < span class= '' countsharefb '' > < /span > < /a > < /div > < div class= '' fblikewrap '' > < div class=,6877,702d6996-8feb-5571-a7ed-f9479b8ad321
"< div class= '' content-detail '' > < div id= '' '' > < div > < p > verve coffee được thành lập vào năm __d__ bởi ryan o ’ donovan và colby barr , mang tới một xu hướng mới có tên `` làn sóng cà phê thứ ba '' – trong đó người dùng có thể bắt đầu đầu tư vào công thức pha chế và nơi sản xuất hạt cà phê. < /p > < div > < div > < img alt= '' không phải starbucks , nestlé , đây mới là thương hiệu cà",6877,d62f56f4-c293-53d3-9048-f6ac6a2a4104
"< div class= '' tindnd clearfix '' > < div id= '' listnewsincontent '' > < span class= '' title_box '' > < a title= '' tinh doanh nghiệp '' > tin mới < /a > < /span > < ul id= '' listnewestdetail '' > < /ul > < /div > < /div > < span id= '' maincontent '' > < p > verve coffee được thành lập vào năm __d__ bởi ryan o ’ donovan và colby barr , mang tới một xu hướng mới có tên `` làn sóng cà phê thứ ba '' – trong",6877,f7e2f17c-2a9d-5f5c-857b-cebbb75550eb
"< ul class= '' td-category '' > < li class= '' entry-category '' > < a > điều tra - bạn đọc < /a > < /li > < li class= '' entry-category '' > < a > pháp luật < /a > < /li > < /ul > < h__d__ class= '' entry-title '' > gia lai : trồng cà phê __d__ chữ c , năng suất tăng , không lo ế < /h__d__ > < div class= '' td-module-meta-info '' > < span class= '' td-post-date td-post-date-no-dot '' > __d__/__d__/__d__ < /span > < /div > < br",6877,c73347ab-0a4c-57a7-ab5f-359a6e327d03
< div class= '' tindnd clearfix '' > < div id= '' listnewsincontent '' > < span class= '' title_box '' > < a title= '' tinh doanh nghiệp '' > tin mới < /a > < /span > < ul id= '' listnewestdetail '' > < /ul > < /div > < /div > < span id= '' maincontent '' > < p > < b > dầu tăng do tồn trữ xăng mỹ giảm sâu < /b > < br > < /p > < p > giá dầu tăng trên __d__ % sau khi số liệu từ,6877,78e4d11a-37e8-5e0f-94dd-8404e0c78cca
bao nhieu mot hop vay,6877,46df07af-be7b-5a67-9b3b-d126fb32c8bb
bao nhiêu __d__ hôp vây,6877,b6a19927-e137-5a25-a368-494a1f9e0388
gia sao một hop,6877,6b0c4209-6d33-5c76-ab5f-af17328ca7a1
nescafe sữa đá bao nhiêu __d__ hộp bhx chợ cổng __d__,6877,a8237549-fc5a-5637-bad0-cc615c42b0e3
nan nan haha . c với trà mi có dám tham gia game nào nữa đâu . chỉ nhìn mọi ng chơi thôi .,6877,6e428d70-c660-5233-9d73-0b7dbd877e98
nan nan tham gia chưa,6877,3c8a8a6e-9fba-53d6-93a0-8ca48027c4aa
cho e hỏi siêu thị có bán ko,6877,6ac48061-1c8a-504a-8647-5e60680fd1e1
cho hỏi hà nội nóng bằng bmt tây nguyên k ạ,6877,d78e1a9f-3f2b-591b-894a-a4549163db37
bao nhiêu,6877,021fbbae-b799-5940-b29d-9b9e54f75e2d
nescafé mua o dau vay ban,6877,22ae4929-0b43-5968-b4b9-92603ddc8c0d
bao nhiêu tiền,6877,dca2801d-3496-5f49-9cfb-e9a6d984f881
bn __d__ lon,6877,92d67324-124d-55d9-ab86-8fa809eb31dc
giá bán lẻ ngoài thị trường là bao nhiêu __d__ lon thế ad,6877,aabe1a9b-d44b-5414-ac98-0c86046a620d
bn __d__ thùng v ?,6877,87c3a75b-646f-5328-a75d-1ea67cf2bd42
sao mua ko dc vay,6877,f56d81db-0507-5a0d-b4af-ab3b6d1fb1d5
thanh vi trong siêu thị có khuyến mãi này ko c,6877,376bbc95-c7da-5c5c-9053-323ab8fdf1b6
bao nhieu mot hop vay shop,6877,bb9adf0e-fcb8-55e2-b9e3-44163f44f083
nhiu hộp ạ,6877,ec96a16e-0c3c-5546-ab30-beee67671c22
"< div class= '' clearfix cms-body '' > < img src= '' https : //image.plo.vn/w__d__/uploaded/__d__/vnorgt/__d_____d_____d__/plotinhotrophilannestle-tainangtrehinhanon_uyuo.jpg '' alt= '' nestle khuyến khích bạn trẻ xây dựng thương hiệu cà phê việt '' class= '' cms-photo '' > < /div > < br > < div > ( plo ) - “ vietnam young lions __d__ ” là đấu trường sáng tạo dành cho các tài năng trẻ ngành truyền thông , tiếp thị… nhằm xây dựng thương hiệu cà phê việt nam . < /div > < br > < div id= '' abody '' class= '' cms-body '' > <",6877,949bebae-5605-5ba4-bc35-e137d38d39d3
< div class= '' listcol__d__ mb__d__ '' > < div class= '' detail '' > < div class= '' share '' > < div class= '' shareall '' > < div class= '' addthis_toolbox addthis_default_style '' > < a class= '' addthis_button_facebook addthis_button_preferred___d__ '' title= '' facebook '' > < i class= '' fa fa-facebook-f fa-lg fb-color '' > < /i > < /a > < a class= '' addthis_button_twitter '' title= '' twitter '' > < i class= '' fa fa-twitter fa-lg tw-color '' > < /i > < /a > < a class= '' addthis_button_rss '' title= '',6877,7ae353de-7569-5e37-b792-eb122089b2f0
cmt nhiu vay ma van ko dc sao ad,6877,e44c80e7-3b15-59f2-8d42-9beac4469f15
